scenario,tier,rate_label,metric,family,group_a,group_b,overload_saturates,n1,n2,u_stat,p_value,a12,cliffs_delta,magnitude,rest_median,graphql_median,p_value_holm
M1,high,r40,lat_p95,sub_saturation,rest,graphql,,30,30,0.0,3.019859359162157e-11,0.0,-1.0,large,11.757322,26.433943774999996,1.0871493692983765e-09
M1,high,r80,lat_p95,sub_saturation,rest,graphql,,30,30,0.0,3.019859359162157e-11,0.0,-1.0,large,10.728807275000001,33.6847073,1.0871493692983765e-09
M1,low,r40,lat_p95,sub_saturation,rest,graphql,,30,30,0.0,3.019859359162157e-11,0.0,-1.0,large,9.292863725,16.344669749999998,1.0871493692983765e-09
M1,low,r80,lat_p95,sub_saturation,rest,graphql,,30,30,0.0,3.019859359162157e-11,0.0,-1.0,large,8.9619485,15.406646875,1.0871493692983765e-09
M1,medium,r40,lat_p95,sub_saturation,rest,graphql,,30,30,0.0,3.019859359162157e-11,0.0,-1.0,large,10.08552775,19.401034425,1.0871493692983765e-09
M1,medium,r80,lat_p95,sub_saturation,rest,graphql,,30,30,0.0,3.019859359162157e-11,0.0,-1.0,large,9.672369325,19.551947300000002,1.0871493692983765e-09
M2,high,r40,lat_p95,sub_saturation,rest,graphql,,30,30,0.0,3.019859359162157e-11,0.0,-1.0,large,10.89179425,19.407135025000002,1.0871493692983765e-09
M2,high,r80,lat_p95,sub_saturation,rest,graphql,,30,30,0.0,3.019859359162157e-11,0.0,-1.0,large,10.077460474999999,19.904635175,1.0871493692983765e-09
M2,low,r40,lat_p95,sub_saturation,rest,graphql,,30,30,0.0,3.019859359162157e-11,0.0,-1.0,large,9.274324,14.3424945,1.0871493692983765e-09
M2,low,r80,lat_p95,sub_saturation,rest,graphql,,30,30,0.0,3.019859359162157e-11,0.0,-1.0,large,8.867356000000001,14.389629,1.0871493692983765e-09
M2,medium,r40,lat_p95,sub_saturation,rest,graphql,,30,30,0.0,3.019859359162157e-11,0.0,-1.0,large,9.790826,16.518658499999994,1.0871493692983765e-09
M2,medium,r80,lat_p95,sub_saturation,rest,graphql,,30,30,0.0,3.019859359162157e-11,0.0,-1.0,large,9.407744000000001,16.737658475,1.0871493692983765e-09
M3,high,r40,lat_p95,sub_saturation,rest,graphql,,30,30,0.0,3.019859359162157e-11,0.0,-1.0,large,9.900252974999999,18.6522395,1.0871493692983765e-09
M3,high,r80,lat_p95,sub_saturation,rest,graphql,,30,30,0.0,3.019859359162157e-11,0.0,-1.0,large,9.417357475,19.207593300000006,1.0871493692983765e-09
M3,low,r40,lat_p95,sub_saturation,rest,graphql,,30,30,0.0,3.019859359162157e-11,0.0,-1.0,large,9.306465750000001,16.7257732,1.0871493692983765e-09
M3,low,r80,lat_p95,sub_saturation,rest,graphql,,30,30,0.0,3.019859359162157e-11,0.0,-1.0,large,8.8447855,16.8184415,1.0871493692983765e-09
M3,medium,r40,lat_p95,sub_saturation,rest,graphql,,30,30,0.0,3.019859359162157e-11,0.0,-1.0,large,9.471472249999998,17.820506799999997,1.0871493692983765e-09
M3,medium,r80,lat_p95,sub_saturation,rest,graphql,,30,30,0.0,3.019859359162157e-11,0.0,-1.0,large,9.011549275,17.382884824999998,1.0871493692983765e-09
M4,high,r40,lat_p95,sub_saturation,rest,graphql,,30,30,0.0,3.019859359162157e-11,0.0,-1.0,large,10.27380175,14.999275699999998,1.0871493692983765e-09
M4,high,r80,lat_p95,sub_saturation,rest,graphql,,30,30,0.0,3.019859359162157e-11,0.0,-1.0,large,9.658614475,15.029768924999999,1.0871493692983765e-09
M4,low,r40,lat_p95,sub_saturation,rest,graphql,,30,30,0.0,3.019859359162157e-11,0.0,-1.0,large,8.962525825,13.66393275,1.0871493692983765e-09
M4,low,r80,lat_p95,sub_saturation,rest,graphql,,30,30,0.0,3.019859359162157e-11,0.0,-1.0,large,8.70137,14.113884475000003,1.0871493692983765e-09
M4,medium,r40,lat_p95,sub_saturation,rest,graphql,,30,30,0.0,3.019859359162157e-11,0.0,-1.0,large,9.547447250000001,14.513538299999997,1.0871493692983765e-09
M4,medium,r80,lat_p95,sub_saturation,rest,graphql,,30,30,0.0,3.019859359162157e-11,0.0,-1.0,large,9.0885715,14.489700850000002,1.0871493692983765e-09
M5,w2,r40,lat_p95,sub_saturation,rest,graphql,,30,30,0.0,3.019859359162157e-11,0.0,-1.0,large,9.049059025,17.80959575,1.0871493692983765e-09
M5,w2,r80,lat_p95,sub_saturation,rest,graphql,,30,30,0.0,3.019859359162157e-11,0.0,-1.0,large,8.907313224999996,17.88424705,1.0871493692983765e-09
M5,w23,r40,lat_p95,sub_saturation,rest,graphql,,30,30,0.0,3.019859359162157e-11,0.0,-1.0,large,9.87635565,23.25842305,1.0871493692983765e-09
M5,w23,r80,lat_p95,sub_saturation,rest,graphql,,30,30,0.0,3.019859359162157e-11,0.0,-1.0,large,9.490603699999998,24.017547325000002,1.0871493692983765e-09
M5,w8,r40,lat_p95,sub_saturation,rest,graphql,,30,30,0.0,3.019859359162157e-11,0.0,-1.0,large,9.3169531,19.29462075,1.0871493692983765e-09
M5,w8,r80,lat_p95,sub_saturation,rest,graphql,,30,30,0.0,3.019859359162157e-11,0.0,-1.0,large,9.129720475,19.4005745,1.0871493692983765e-09
M6,k1,r40,lat_p95,sub_saturation,rest,graphql,,30,30,0.0,3.019859359162157e-11,0.0,-1.0,large,9.43291005,17.724778225,1.0871493692983765e-09
M6,k1,r80,lat_p95,sub_saturation,rest,graphql,,30,30,0.0,3.019859359162157e-11,0.0,-1.0,large,9.420123024999999,17.6979095,1.0871493692983765e-09
M6,k10,r40,lat_p95,sub_saturation,rest,graphql,,30,30,0.0,3.019859359162157e-11,0.0,-1.0,large,9.4094,23.3040643,1.0871493692983765e-09
M6,k10,r80,lat_p95,sub_saturation,rest,graphql,,30,30,0.0,3.019859359162157e-11,0.0,-1.0,large,10.62372385,23.327098649999996,1.0871493692983765e-09
M6,k5,r40,lat_p95,sub_saturation,rest,graphql,,30,30,0.0,3.019859359162157e-11,0.0,-1.0,large,8.84554675,20.35647625,1.0871493692983765e-09
M6,k5,r80,lat_p95,sub_saturation,rest,graphql,,30,30,0.0,3.019859359162157e-11,0.0,-1.0,large,9.35521155,20.385820475,1.0871493692983765e-09
M1,high,r120_overload,lat_p95,overload_image,rest,graphql,graphql,30,30,0.0,3.019859359162157e-11,0.0,-1.0,large,10.674358999999999,11666.30743965,3.6238312309945887e-10
M1,low,r120_overload,lat_p95,overload_image,rest,graphql,graphql,30,30,0.0,3.019859359162157e-11,0.0,-1.0,large,8.85323025,16.370090225,3.6238312309945887e-10
M1,medium,r120_overload,lat_p95,overload_image,rest,graphql,graphql,30,30,0.0,3.019859359162157e-11,0.0,-1.0,large,9.4715275,42.18638374999996,3.6238312309945887e-10
M2,high,r120_overload,lat_p95,overload_image,rest,graphql,graphql,30,30,0.0,3.019859359162157e-11,0.0,-1.0,large,10.0444545,32.78677527499979,3.6238312309945887e-10
M2,low,r120_overload,lat_p95,overload_image,rest,graphql,graphql,30,30,0.0,3.019859359162157e-11,0.0,-1.0,large,8.75464,14.8847338,3.6238312309945887e-10
M2,medium,r120_overload,lat_p95,overload_image,rest,graphql,graphql,30,30,0.0,3.019859359162157e-11,0.0,-1.0,large,9.274154975,17.506874175,3.6238312309945887e-10
M3,high,r120_overload,lat_p95,overload_image,rest,graphql,graphql,30,30,0.0,3.019859359162157e-11,0.0,-1.0,large,9.379993500000001,35.130905,3.6238312309945887e-10
M3,low,r120_overload,lat_p95,overload_image,rest,graphql,graphql,30,30,0.0,3.019859359162157e-11,0.0,-1.0,large,8.783875424999998,20.7025345,3.6238312309945887e-10
M3,medium,r120_overload,lat_p95,overload_image,rest,graphql,graphql,30,30,0.0,3.019859359162157e-11,0.0,-1.0,large,8.967132,19.190813249999998,3.6238312309945887e-10
M4,high,r120_overload,lat_p95,overload_image,rest,graphql,graphql,30,30,30.0,5.572653248454238e-10,0.03333333333333333,-0.9333333333333333,large,9.39614375,15.478765724999993,5.572653248454238e-10
M4,low,r120_overload,lat_p95,overload_image,rest,graphql,graphql,30,30,0.0,3.019859359162157e-11,0.0,-1.0,large,8.552389999999999,14.15732,3.6238312309945887e-10
M4,medium,r120_overload,lat_p95,overload_image,rest,graphql,graphql,30,30,0.0,3.019859359162157e-11,0.0,-1.0,large,8.997977249999998,15.837165524999996,3.6238312309945887e-10
M6,k1,r120_overload,lat_p95,overload_page,rest,graphql,rest,30,30,0.0,3.019859359162157e-11,0.0,-1.0,large,8.999906000000001,18.085978400000002,9.059578077486472e-11
M6,k10,r120_overload,lat_p95,overload_page,rest,graphql,rest,30,30,900.0,3.019859359162157e-11,1.0,1.0,large,1602.711057325,37.84736192500003,9.059578077486472e-11
M6,k5,r120_overload,lat_p95,overload_page,rest,graphql,rest,30,30,0.0,3.019859359162157e-11,0.0,-1.0,large,9.766045,20.973061725,9.059578077486472e-11
M5,w2,r120_overload,lat_p95,overload_track,rest,graphql,graphql,30,30,0.0,3.019859359162157e-11,0.0,-1.0,large,8.819624974999996,20.795323149999934,9.059578077486472e-11
M5,w23,r120_overload,lat_p95,overload_track,rest,graphql,graphql,30,30,0.0,3.019859359162157e-11,0.0,-1.0,large,9.556329775,8646.4732132,9.059578077486472e-11
M5,w8,r120_overload,lat_p95,overload_track,rest,graphql,graphql,30,30,0.0,3.019859359162157e-11,0.0,-1.0,large,8.914923974999997,43.37327,9.059578077486472e-11
M1,high,r40,lat_p50,sub_saturation,rest,graphql,,30,30,0.0,3.019859359162157e-11,0.0,-1.0,large,9.653515500000001,20.455868,1.0871493692983765e-09
M1,high,r80,lat_p50,sub_saturation,rest,graphql,,30,30,0.0,3.019859359162157e-11,0.0,-1.0,large,8.698697,20.9412545,1.0871493692983765e-09
M1,low,r40,lat_p50,sub_saturation,rest,graphql,,30,30,0.0,3.019859359162157e-11,0.0,-1.0,large,7.6251584999999995,12.85892675,1.0871493692983765e-09
M1,low,r80,lat_p50,sub_saturation,rest,graphql,,30,30,0.0,3.019859359162157e-11,0.0,-1.0,large,7.2431325,12.700410250000001,1.0871493692983765e-09
M1,medium,r40,lat_p50,sub_saturation,rest,graphql,,30,30,0.0,3.019859359162157e-11,0.0,-1.0,large,7.993539999999999,15.794107499999999,1.0871493692983765e-09
M1,medium,r80,lat_p50,sub_saturation,rest,graphql,,30,30,0.0,3.019859359162157e-11,0.0,-1.0,large,7.797950500000001,15.6732945,1.0871493692983765e-09
M2,high,r40,lat_p50,sub_saturation,rest,graphql,,30,30,0.0,3.019859359162157e-11,0.0,-1.0,large,9.00345,15.63524825,1.0871493692983765e-09
M2,high,r80,lat_p50,sub_saturation,rest,graphql,,30,30,0.0,3.019859359162157e-11,0.0,-1.0,large,8.22238775,15.565504,1.0871493692983765e-09
M2,low,r40,lat_p50,sub_saturation,rest,graphql,,30,30,0.0,3.019859359162157e-11,0.0,-1.0,large,7.592344,11.90895025,1.0871493692983765e-09
M2,low,r80,lat_p50,sub_saturation,rest,graphql,,30,30,0.0,3.019859359162157e-11,0.0,-1.0,large,7.1801449999999996,11.87168475,1.0871493692983765e-09
M2,medium,r40,lat_p50,sub_saturation,rest,graphql,,30,30,0.0,3.019859359162157e-11,0.0,-1.0,large,8.004970499999999,13.2378395,1.0871493692983765e-09
M2,medium,r80,lat_p50,sub_saturation,rest,graphql,,30,30,0.0,3.019859359162157e-11,0.0,-1.0,large,7.513662500000001,13.21605375,1.0871493692983765e-09
M3,high,r40,lat_p50,sub_saturation,rest,graphql,,30,30,0.0,3.019859359162157e-11,0.0,-1.0,large,8.157069,15.167518000000001,1.0871493692983765e-09
M3,high,r80,lat_p50,sub_saturation,rest,graphql,,30,30,0.0,3.019859359162157e-11,0.0,-1.0,large,7.6673595,15.212322499999999,1.0871493692983765e-09
M3,low,r40,lat_p50,sub_saturation,rest,graphql,,30,30,0.0,3.019859359162157e-11,0.0,-1.0,large,7.658773,13.373276,1.0871493692983765e-09
M3,low,r80,lat_p50,sub_saturation,rest,graphql,,30,30,0.0,3.019859359162157e-11,0.0,-1.0,large,7.1569835,13.3455485,1.0871493692983765e-09
M3,medium,r40,lat_p50,sub_saturation,rest,graphql,,30,30,0.0,3.019859359162157e-11,0.0,-1.0,large,7.760085,13.825742,1.0871493692983765e-09
M3,medium,r80,lat_p50,sub_saturation,rest,graphql,,30,30,0.0,3.019859359162157e-11,0.0,-1.0,large,7.29009,13.6894455,1.0871493692983765e-09
M4,high,r40,lat_p50,sub_saturation,rest,graphql,,30,30,0.0,3.019859359162157e-11,0.0,-1.0,large,8.36013,11.860808500000001,1.0871493692983765e-09
M4,high,r80,lat_p50,sub_saturation,rest,graphql,,30,30,0.0,3.019859359162157e-11,0.0,-1.0,large,7.815742999999999,11.784364,1.0871493692983765e-09
M4,low,r40,lat_p50,sub_saturation,rest,graphql,,30,30,0.0,3.019859359162157e-11,0.0,-1.0,large,7.25212475,10.79940075,1.0871493692983765e-09
M4,low,r80,lat_p50,sub_saturation,rest,graphql,,30,30,0.0,3.019859359162157e-11,0.0,-1.0,large,6.9308745,10.857723499999999,1.0871493692983765e-09
M4,medium,r40,lat_p50,sub_saturation,rest,graphql,,30,30,0.0,3.019859359162157e-11,0.0,-1.0,large,7.777448,11.32590575,1.0871493692983765e-09
M4,medium,r80,lat_p50,sub_saturation,rest,graphql,,30,30,0.0,3.019859359162157e-11,0.0,-1.0,large,7.2746955,11.205904,1.0871493692983765e-09
M5,w2,r40,lat_p50,sub_saturation,rest,graphql,,30,30,0.0,3.019859359162157e-11,0.0,-1.0,large,7.400115250000001,14.7318035,1.0871493692983765e-09
M5,w2,r80,lat_p50,sub_saturation,rest,graphql,,30,30,0.0,3.019859359162157e-11,0.0,-1.0,large,7.277488249999999,14.638926,1.0871493692983765e-09
M5,w23,r40,lat_p50,sub_saturation,rest,graphql,,30,30,0.0,3.019859359162157e-11,0.0,-1.0,large,7.891043999999999,20.072149500000002,1.0871493692983765e-09
M5,w23,r80,lat_p50,sub_saturation,rest,graphql,,30,30,0.0,3.019859359162157e-11,0.0,-1.0,large,7.56301725,20.1347105,1.0871493692983765e-09
M5,w8,r40,lat_p50,sub_saturation,rest,graphql,,30,30,0.0,3.019859359162157e-11,0.0,-1.0,large,7.612629999999999,16.2281905,1.0871493692983765e-09
M5,w8,r80,lat_p50,sub_saturation,rest,graphql,,30,30,0.0,3.019859359162157e-11,0.0,-1.0,large,7.3786024999999995,16.05710475,1.0871493692983765e-09
M6,k1,r40,lat_p50,sub_saturation,rest,graphql,,30,30,0.0,3.019859359162157e-11,0.0,-1.0,large,7.745614,14.3253125,1.0871493692983765e-09
M6,k1,r80,lat_p50,sub_saturation,rest,graphql,,30,30,0.0,3.019859359162157e-11,0.0,-1.0,large,7.6279965,14.1923925,1.0871493692983765e-09
M6,k10,r40,lat_p50,sub_saturation,rest,graphql,,30,30,0.0,3.019859359162157e-11,0.0,-1.0,large,7.491172000000001,19.860249500000002,1.0871493692983765e-09
M6,k10,r80,lat_p50,sub_saturation,rest,graphql,,30,30,0.0,3.019859359162157e-11,0.0,-1.0,large,7.948816749999999,19.776083749999998,1.0871493692983765e-09
M6,k5,r40,lat_p50,sub_saturation,rest,graphql,,30,30,0.0,3.019859359162157e-11,0.0,-1.0,large,7.29853475,16.88294225,1.0871493692983765e-09
M6,k5,r80,lat_p50,sub_saturation,rest,graphql,,30,30,0.0,3.019859359162157e-11,0.0,-1.0,large,7.45867775,16.79474425,1.0871493692983765e-09
M1,high,r120_overload,lat_p50,overload_image,rest,graphql,graphql,30,30,0.0,3.019859359162157e-11,0.0,-1.0,large,8.642502,6725.321261749999,3.6238312309945887e-10
M1,low,r120_overload,lat_p50,overload_image,rest,graphql,graphql,30,30,0.0,3.019859359162157e-11,0.0,-1.0,large,7.16687825,12.88081075,3.6238312309945887e-10
M1,medium,r120_overload,lat_p50,overload_image,rest,graphql,graphql,30,30,0.0,3.019859359162157e-11,0.0,-1.0,large,7.60969825,16.063214000000002,3.6238312309945887e-10
M2,high,r120_overload,lat_p50,overload_image,rest,graphql,graphql,30,30,0.0,3.019859359162157e-11,0.0,-1.0,large,8.12594875,15.864365750000001,3.6238312309945887e-10
M2,low,r120_overload,lat_p50,overload_image,rest,graphql,graphql,30,30,0.0,3.019859359162157e-11,0.0,-1.0,large,7.0736875,11.9230655,3.6238312309945887e-10
M2,medium,r120_overload,lat_p50,overload_image,rest,graphql,graphql,30,30,0.0,3.019859359162157e-11,0.0,-1.0,large,7.4721705,13.3096125,3.6238312309945887e-10
M3,high,r120_overload,lat_p50,overload_image,rest,graphql,graphql,30,30,0.0,3.019859359162157e-11,0.0,-1.0,large,7.578682499999999,15.3828985,3.6238312309945887e-10
M3,low,r120_overload,lat_p50,overload_image,rest,graphql,graphql,30,30,0.0,3.019859359162157e-11,0.0,-1.0,large,7.1149505,13.5653845,3.6238312309945887e-10
M3,medium,r120_overload,lat_p50,overload_image,rest,graphql,graphql,30,30,0.0,3.019859359162157e-11,0.0,-1.0,large,7.2312445,13.926341749999999,3.6238312309945887e-10
M4,high,r120_overload,lat_p50,overload_image,rest,graphql,graphql,30,30,0.0,3.019859359162157e-11,0.0,-1.0,large,7.5543435,11.8287095,3.6238312309945887e-10
M4,low,r120_overload,lat_p50,overload_image,rest,graphql,graphql,30,30,0.0,3.019859359162157e-11,0.0,-1.0,large,6.851776,10.777736,3.6238312309945887e-10
M4,medium,r120_overload,lat_p50,overload_image,rest,graphql,graphql,30,30,0.0,3.019859359162157e-11,0.0,-1.0,large,7.237923,11.291384749999999,3.6238312309945887e-10
M6,k1,r120_overload,lat_p50,overload_page,rest,graphql,rest,30,30,0.0,3.019859359162157e-11,0.0,-1.0,large,7.288065,14.2188865,9.059578077486472e-11
M6,k10,r120_overload,lat_p50,overload_page,rest,graphql,rest,30,30,900.0,3.019859359162157e-11,1.0,1.0,large,1312.6812755,20.1434885,9.059578077486472e-11
M6,k5,r120_overload,lat_p50,overload_page,rest,graphql,rest,30,30,0.0,3.019859359162157e-11,0.0,-1.0,large,7.502869499999999,16.71138275,9.059578077486472e-11
M5,w2,r120_overload,lat_p50,overload_track,rest,graphql,graphql,30,30,0.0,3.019859359162157e-11,0.0,-1.0,large,7.202108750000001,14.818432000000001,9.059578077486472e-11
M5,w23,r120_overload,lat_p50,overload_track,rest,graphql,graphql,30,30,0.0,3.019859359162157e-11,0.0,-1.0,large,7.61974275,5052.458312,9.059578077486472e-11
M5,w8,r120_overload,lat_p50,overload_track,rest,graphql,graphql,30,30,0.0,3.019859359162157e-11,0.0,-1.0,large,7.224484,16.318955000000003,9.059578077486472e-11
M1,high,r40,throughput_rps,sub_saturation,rest,graphql,,30,30,679.0,0.0007295106100696473,0.7544444444444445,0.508888888888889,large,25.00803967981279,24.99983055393855,0.011672169761114357
M1,high,r80,throughput_rps,sub_saturation,rest,graphql,,30,30,873.0,4.1996766179584087e-10,0.9700000000000001,0.9400000000000002,large,50.00512604353921,49.99704617998255,1.0919159206691863e-08
M1,low,r40,throughput_rps,sub_saturation,rest,graphql,,30,30,660.0,0.0019526766739305424,0.7333333333333333,0.46666666666666656,medium,25.00838383889026,24.999785937944175,0.01857480022634027
M1,low,r80,throughput_rps,sub_saturation,rest,graphql,,30,30,670.0,0.0011737583520143354,0.7444444444444446,0.48888888888888915,large,50.00602492220045,49.9994794065336,0.015258858576186361
M1,medium,r40,throughput_rps,sub_saturation,rest,graphql,,30,30,656.0,0.0023799639794362107,0.7288888888888889,0.45777777777777784,medium,25.00823476456091,25.00552150034725,0.019039711835489685
M1,medium,r80,throughput_rps,sub_saturation,rest,graphql,,30,30,693.0,0.0003367900904319431,0.77,0.54,large,50.005454009111986,49.99955410508856,0.006399011718206919
M2,high,r40,throughput_rps,sub_saturation,rest,graphql,,30,30,610.0,0.0183679594713855,0.6777777777777778,0.3555555555555556,medium,25.00791535336006,24.99976766910364,0.055103878414156496
M2,high,r80,throughput_rps,sub_saturation,rest,graphql,,30,30,678.0,0.0007697288698323855,0.7533333333333334,0.5066666666666668,large,50.00526857896653,49.99944398812759,0.011672169761114357
M2,low,r40,throughput_rps,sub_saturation,rest,graphql,,30,30,580.0,0.05554569313434556,0.6444444444444445,0.288888888888889,small,25.008137629762942,25.007008780786116,0.08119000107338528
M2,low,r80,throughput_rps,sub_saturation,rest,graphql,,30,30,589.0,0.04059500053669264,0.6544444444444444,0.30888888888888877,small,50.005788872766644,49.99968625686062,0.08119000107338528
M2,medium,r40,throughput_rps,sub_saturation,rest,graphql,,30,30,664.0,0.0015968867051760125,0.7377777777777778,0.4755555555555555,large,25.00822055983475,24.999800780063726,0.01756575375693614
M2,medium,r80,throughput_rps,sub_saturation,rest,graphql,,30,30,646.0,0.003848067983551401,0.7177777777777777,0.4355555555555555,medium,50.005604251725536,50.001629095797625,0.023088407901308408
M3,high,r40,throughput_rps,sub_saturation,rest,graphql,,30,30,772.0,2.0022927015293786e-06,0.8577777777777779,0.7155555555555557,large,25.008365671753772,25.005795833918263,4.6052732135175706e-05
M3,high,r80,throughput_rps,sub_saturation,rest,graphql,,30,30,656.0,0.0023799639794362107,0.7288888888888889,0.45777777777777784,medium,50.00542201871083,49.999821597845255,0.019039711835489685
M3,low,r40,throughput_rps,sub_saturation,rest,graphql,,30,30,679.0,0.0007295106100696473,0.7544444444444445,0.508888888888889,large,25.008363200648816,25.005725976120686,0.011672169761114357
M3,low,r80,throughput_rps,sub_saturation,rest,graphql,,30,30,743.0,1.5291673925716366e-05,0.8255555555555555,0.651111111111111,large,50.00597979537563,50.000410207299524,0.0003211251524400437
M3,medium,r40,throughput_rps,sub_saturation,rest,graphql,,30,30,691.0,0.0003770395640831686,0.7677777777777777,0.5355555555555553,large,25.008535504688204,25.006635330059005,0.006786712153497035
M3,medium,r80,throughput_rps,sub_saturation,rest,graphql,,30,30,619.0,0.012732114616306573,0.6877777777777777,0.3755555555555554,medium,50.005677485665046,49.999548144361555,0.05092845846522629
M4,high,r40,throughput_rps,sub_saturation,rest,graphql,,30,30,632.0,0.00728836046503409,0.7022222222222223,0.4044444444444446,medium,25.008008668127772,25.00677318214855,0.03644180232517045
M4,high,r80,throughput_rps,sub_saturation,rest,graphql,,30,30,687.0,0.0004713751442131583,0.7633333333333333,0.5266666666666666,large,50.005336055980244,49.99934443942878,0.00801337745162369
M4,low,r40,throughput_rps,sub_saturation,rest,graphql,,30,30,697.0,0.0002680570968049172,0.7744444444444445,0.548888888888889,large,25.00851263676013,25.003274734182284,0.0053611419360983445
M4,low,r80,throughput_rps,sub_saturation,rest,graphql,,30,30,661.0,0.0018574800226340267,0.7344444444444443,0.4688888888888887,medium,50.005982051716614,50.00307609059358,0.01857480022634027
M4,medium,r40,throughput_rps,sub_saturation,rest,graphql,,30,30,778.0,1.2860392091779297e-06,0.8644444444444443,0.7288888888888887,large,25.00849633740522,25.00292865085116,3.0864941020270314e-05
M4,medium,r80,throughput_rps,sub_saturation,rest,graphql,,30,30,667.0,0.0013703325610487653,0.7411111111111112,0.48222222222222233,large,50.006079526339704,50.00324404544733,0.016443990732585186
M5,w2,r40,throughput_rps,sub_saturation,rest,graphql,,30,30,900.0,3.019859359162157e-11,1.0,1.0,large,50.01260364470294,24.99981298793317,1.0871493692983765e-09
M5,w2,r80,throughput_rps,sub_saturation,rest,graphql,,30,30,900.0,3.019859359162157e-11,1.0,1.0,large,100.00307088745947,50.001527567954554,1.0871493692983765e-09
M5,w23,r40,throughput_rps,sub_saturation,rest,graphql,,30,30,900.0,3.019859359162157e-11,1.0,1.0,large,50.01195211337526,24.999836460526165,1.0871493692983765e-09
M5,w23,r80,throughput_rps,sub_saturation,rest,graphql,,30,30,900.0,3.019859359162157e-11,1.0,1.0,large,100.0034954639738,49.997992883561835,1.0871493692983765e-09
M5,w8,r40,throughput_rps,sub_saturation,rest,graphql,,30,30,900.0,3.019859359162157e-11,1.0,1.0,large,50.01238394182844,24.99980692261518,1.0871493692983765e-09
M5,w8,r80,throughput_rps,sub_saturation,rest,graphql,,30,30,900.0,3.019859359162157e-11,1.0,1.0,large,100.00236374350888,49.99954201553447,1.0871493692983765e-09
M6,k1,r40,throughput_rps,sub_saturation,rest,graphql,,30,30,783.0,8.841094917328212e-07,0.87,0.74,large,17.009394253351857,17.007422220847022,2.210273729332053e-05
M6,k1,r80,throughput_rps,sub_saturation,rest,graphql,,30,30,771.0,2.15403414258883e-06,0.8566666666666668,0.7133333333333336,large,34.00767560542039,34.00501725334205,4.738875113695426e-05
M6,k10,r40,throughput_rps,sub_saturation,rest,graphql,,30,30,900.0,3.019859359162157e-11,1.0,1.0,large,169.96170383409532,17.00646355093545,1.0871493692983765e-09
M6,k10,r80,throughput_rps,sub_saturation,rest,graphql,,30,30,900.0,3.019859359162157e-11,1.0,1.0,large,339.8097254453087,34.00084519659549,1.0871493692983765e-09
M6,k5,r40,throughput_rps,sub_saturation,rest,graphql,,30,30,900.0,3.019859359162157e-11,1.0,1.0,large,85.01776301701912,17.007164662076473,1.0871493692983765e-09
M6,k5,r80,throughput_rps,sub_saturation,rest,graphql,,30,30,900.0,3.019859359162157e-11,1.0,1.0,large,169.980282964092,33.99962684315581,1.0871493692983765e-09
M1,high,r120_overload,throughput_rps,overload_image,rest,graphql,graphql,30,30,900.0,3.019859359162157e-11,1.0,1.0,large,74.00208919944203,61.05320401478022,3.6238312309945887e-10
M1,low,r120_overload,throughput_rps,overload_image,rest,graphql,graphql,30,30,729.0,3.830668704115981e-05,0.8099999999999999,0.6199999999999999,large,74.00353644213777,73.99869633749418,0.00019153343520579905
M1,medium,r120_overload,throughput_rps,overload_image,rest,graphql,graphql,30,30,882.0,1.77690788708274e-10,0.98,0.96,large,74.00321593996813,73.99629294033397,1.7769078870827399e-09
M2,high,r120_overload,throughput_rps,overload_image,rest,graphql,graphql,30,30,899.0,3.3383888204288e-11,0.9988888888888889,0.9977777777777779,large,74.00271638364157,73.9958730149564,3.67222770247168e-10
M2,low,r120_overload,throughput_rps,overload_image,rest,graphql,graphql,30,30,701.0,0.00021264638274527632,0.7788888888888889,0.5577777777777777,large,74.00309463544104,73.99915753628058,0.0005674858080632538
M2,medium,r120_overload,throughput_rps,overload_image,rest,graphql,graphql,30,30,821.0,4.310612299972247e-08,0.9122222222222223,0.8244444444444445,large,74.0030807543821,73.99843254184299,3.4484898399777976e-07
M3,high,r120_overload,throughput_rps,overload_image,rest,graphql,graphql,30,30,882.0,1.77690788708274e-10,0.98,0.96,large,74.00304881812491,73.99688377528528,1.7769078870827399e-09
M3,low,r120_overload,throughput_rps,overload_image,rest,graphql,graphql,30,30,812.0,9.063205240555394e-08,0.9022222222222224,0.8044444444444447,large,74.00381565544782,73.9984011103258,6.344243668388776e-07
M3,medium,r120_overload,throughput_rps,overload_image,rest,graphql,graphql,30,30,754.0,7.220829977875534e-06,0.8377777777777777,0.6755555555555555,large,74.0033143805774,73.99849111713146,4.332497986725321e-05
M4,high,r120_overload,throughput_rps,overload_image,rest,graphql,graphql,30,30,670.0,0.0011737583520143354,0.7444444444444446,0.48888888888888915,large,74.00319565983288,73.99913812549755,0.0011737583520143354
M4,low,r120_overload,throughput_rps,overload_image,rest,graphql,graphql,30,30,725.0,4.942599819037003e-05,0.8055555555555555,0.6111111111111109,large,74.00321347584264,73.99916615616586,0.00019770399276148012
M4,medium,r120_overload,throughput_rps,overload_image,rest,graphql,graphql,30,30,703.0,0.00018916193602108462,0.781111111111111,0.562222222222222,large,74.00309168445008,73.99894332832145,0.0005674858080632538
M6,k1,r120_overload,throughput_rps,overload_page,rest,graphql,rest,30,30,721.0,6.356042543170036e-05,0.801111111111111,0.602222222222222,large,52.005816338577176,52.001351787749215,6.356042543170036e-05
M6,k10,r120_overload,throughput_rps,overload_page,rest,graphql,rest,30,30,900.0,3.019859359162157e-11,1.0,1.0,large,351.5672876962544,51.99759274228563,9.059578077486472e-11
M6,k5,r120_overload,throughput_rps,overload_page,rest,graphql,rest,30,30,900.0,3.019859359162157e-11,1.0,1.0,large,259.94312821838673,51.99942031538996,9.059578077486472e-11
M5,w2,r120_overload,throughput_rps,overload_track,rest,graphql,graphql,30,30,900.0,3.019859359162157e-11,1.0,1.0,large,147.99572306490202,73.99759595382432,9.059578077486472e-11
M5,w23,r120_overload,throughput_rps,overload_track,rest,graphql,graphql,30,30,900.0,3.019859359162157e-11,1.0,1.0,large,147.99506312939369,64.84174591076084,9.059578077486472e-11
M5,w8,r120_overload,throughput_rps,overload_track,rest,graphql,graphql,30,30,900.0,3.019859359162157e-11,1.0,1.0,large,147.99569506499773,73.99554658327529,9.059578077486472e-11
M1,high,r40,payload_bytes_med,sub_saturation,rest,graphql,,30,30,303.5,0.030777552961831104,0.33722222222222226,-0.3255555555555555,small,7289.0,7442.0,0.15388776480915553
M1,high,r80,payload_bytes_med,sub_saturation,rest,graphql,,30,30,390.0,0.37863859753037676,0.43333333333333335,-0.1333333333333333,negligible,7437.0,7455.0,1.0
M1,low,r40,payload_bytes_med,sub_saturation,rest,graphql,,30,30,,,0.0,-1.0,degenerate_constant,428.0,447.0,
M1,low,r80,payload_bytes_med,sub_saturation,rest,graphql,,30,30,,,0.0,-1.0,degenerate_constant,428.0,447.0,
M1,medium,r40,payload_bytes_med,sub_saturation,rest,graphql,,30,30,376.0,0.27652091144983526,0.41777777777777786,-0.16444444444444428,small,3509.0,3452.0,1.0
M1,medium,r80,payload_bytes_med,sub_saturation,rest,graphql,,30,30,231.0,0.0012263131987908435,0.25666666666666665,-0.4866666666666667,large,3502.0,3520.0,0.007357879192745061
M2,high,r40,payload_bytes_med,sub_saturation,rest,graphql,,30,30,437.5,0.8591374300753007,0.48611111111111105,-0.0277777777777779,negligible,2759.5,2772.0,1.0
M2,high,r80,payload_bytes_med,sub_saturation,rest,graphql,,30,30,456.5,0.9292572673432354,0.5072222222222221,0.01444444444444426,negligible,2758.5,2759.0,1.0
M2,low,r40,payload_bytes_med,sub_saturation,rest,graphql,,30,30,,,0.0,-1.0,degenerate_constant,234.0,253.0,
M2,low,r80,payload_bytes_med,sub_saturation,rest,graphql,,30,30,,,0.0,-1.0,degenerate_constant,234.0,253.0,
M2,medium,r40,payload_bytes_med,sub_saturation,rest,graphql,,30,30,215.0,0.0005149843264663789,0.23888888888888893,-0.5222222222222221,large,1320.75,1369.25,0.0036048902852646525
M2,medium,r80,payload_bytes_med,sub_saturation,rest,graphql,,30,30,192.0,0.00013533311535761445,0.2133333333333333,-0.5733333333333335,large,1350.0,1369.0,0.0010826649228609156
M3,high,r40,payload_bytes_med,sub_saturation,rest,graphql,,30,30,187.0,0.00010248277744178765,0.2077777777777778,-0.5844444444444443,large,2155.0,2172.0,0.0009223449969760889
M3,high,r80,payload_bytes_med,sub_saturation,rest,graphql,,30,30,155.0,1.2940557186675025e-05,0.17222222222222225,-0.6555555555555554,large,2153.0,2173.0,0.00012940557186675024
M3,low,r40,payload_bytes_med,sub_saturation,rest,graphql,,30,30,0.0,6.69035189719993e-12,0.0,-1.0,large,328.5,348.0,8.69745746635991e-11
M3,low,r80,payload_bytes_med,sub_saturation,rest,graphql,,30,30,0.0,5.162383796077741e-12,0.0,-1.0,large,329.0,348.0,7.227337314508837e-11
M3,medium,r40,payload_bytes_med,sub_saturation,rest,graphql,,30,30,84.0,5.238480908447317e-08,0.09333333333333335,-0.8133333333333332,large,431.0,450.0,5.762328999292049e-07
M3,medium,r80,payload_bytes_med,sub_saturation,rest,graphql,,30,30,30.0,2.957836300212275e-10,0.03333333333333333,-0.9333333333333333,large,431.0,450.5,3.5494035602547298e-09
M4,high,r40,payload_bytes_med,sub_saturation,rest,graphql,,30,30,,,0.0,-1.0,degenerate_constant,211.0,224.0,
M4,high,r80,payload_bytes_med,sub_saturation,rest,graphql,,30,30,,,0.0,-1.0,degenerate_constant,211.0,224.0,
M4,low,r40,payload_bytes_med,sub_saturation,rest,graphql,,30,30,,,0.0,-1.0,degenerate_constant,59.0,72.0,
M4,low,r80,payload_bytes_med,sub_saturation,rest,graphql,,30,30,,,0.0,-1.0,degenerate_constant,59.0,72.0,
M4,medium,r40,payload_bytes_med,sub_saturation,rest,graphql,,30,30,,,0.0,-1.0,degenerate_constant,135.0,148.0,
M4,medium,r80,payload_bytes_med,sub_saturation,rest,graphql,,30,30,,,0.0,-1.0,degenerate_constant,135.0,148.0,
M5,w2,r40,payload_bytes_med,sub_saturation,rest,graphql,,30,30,0.0,2.52631658346983e-12,0.0,-1.0,large,129.0,787.0,4.042106533551728e-11
M5,w2,r80,payload_bytes_med,sub_saturation,rest,graphql,,30,30,0.0,3.504853770338539e-13,0.0,-1.0,large,129.0,787.0,8.411649048812494e-12
M5,w23,r40,payload_bytes_med,sub_saturation,rest,graphql,,30,30,0.0,1.175678240901417e-12,0.0,-1.0,large,907.0,5996.5,2.49503550915594e-11
M5,w23,r80,payload_bytes_med,sub_saturation,rest,graphql,,30,30,0.0,1.175678240901417e-12,0.0,-1.0,large,907.0,5996.0,2.49503550915594e-11
M5,w8,r40,payload_bytes_med,sub_saturation,rest,graphql,,30,30,0.0,3.972935169974471e-12,0.0,-1.0,large,129.0,2200.0,5.959402754961707e-11
M5,w8,r80,payload_bytes_med,sub_saturation,rest,graphql,,30,30,0.0,1.1119049085438845e-12,0.0,-1.0,large,129.0,2198.0,2.49503550915594e-11
M6,k1,r40,payload_bytes_med,sub_saturation,rest,graphql,,30,30,,,0.0,-1.0,degenerate_constant,517.0,539.0,
M6,k1,r80,payload_bytes_med,sub_saturation,rest,graphql,,30,30,,,0.0,-1.0,degenerate_constant,517.0,539.0,
M6,k10,r40,payload_bytes_med,sub_saturation,rest,graphql,,30,30,0.0,1.1680040748357487e-12,0.0,-1.0,large,517.0,4977.0,2.49503550915594e-11
M6,k10,r80,payload_bytes_med,sub_saturation,rest,graphql,,30,30,0.0,1.0847980474591044e-12,0.0,-1.0,large,517.0,4976.0,2.49503550915594e-11
M6,k5,r40,payload_bytes_med,sub_saturation,rest,graphql,,30,30,0.0,1.0910678391170637e-12,0.0,-1.0,large,517.0,2507.5,2.49503550915594e-11
M6,k5,r80,payload_bytes_med,sub_saturation,rest,graphql,,30,30,0.0,1.109166351256473e-12,0.0,-1.0,large,517.0,2507.0,2.49503550915594e-11
M1,high,r120_overload,payload_bytes_med,overload_image,rest,graphql,graphql,30,30,449.0,0.9940960950327865,0.4988888888888888,-0.0022222222222223476,negligible,7453.0,7448.5,0.9940960950327865
M1,low,r120_overload,payload_bytes_med,overload_image,rest,graphql,graphql,30,30,,,0.0,-1.0,degenerate_constant,428.0,447.0,
M1,medium,r120_overload,payload_bytes_med,overload_image,rest,graphql,graphql,30,30,305.0,0.03241428999544424,0.3388888888888889,-0.3222222222222222,small,3478.0,3474.0,0.06482857999088848
M2,high,r120_overload,payload_bytes_med,overload_image,rest,graphql,graphql,30,30,249.0,0.002973004909058979,0.27666666666666667,-0.44666666666666666,medium,2744.0,2759.0,0.008919014727176938
M2,low,r120_overload,payload_bytes_med,overload_image,rest,graphql,graphql,30,30,,,0.0,-1.0,degenerate_constant,234.0,253.0,
M2,medium,r120_overload,payload_bytes_med,overload_image,rest,graphql,graphql,30,30,238.0,0.0017215178103975666,0.2644444444444444,-0.47111111111111115,medium,1324.0,1339.5,0.006886071241590267
M3,high,r120_overload,payload_bytes_med,overload_image,rest,graphql,graphql,30,30,108.0,4.152353987425552e-07,0.12000000000000005,-0.7599999999999999,large,2153.0,2174.0,2.076176993712776e-06
M3,low,r120_overload,payload_bytes_med,overload_image,rest,graphql,graphql,30,30,0.0,3.141121923493401e-12,0.0,-1.0,large,329.0,348.0,2.1987853464453805e-11
M3,medium,r120_overload,payload_bytes_med,overload_image,rest,graphql,graphql,30,30,0.0,9.670612086206555e-12,0.0,-1.0,large,431.0,450.0,5.802367251723933e-11
M4,high,r120_overload,payload_bytes_med,overload_image,rest,graphql,graphql,30,30,,,0.0,-1.0,degenerate_constant,211.0,224.0,
M4,low,r120_overload,payload_bytes_med,overload_image,rest,graphql,graphql,30,30,,,0.0,-1.0,degenerate_constant,59.0,72.0,
M4,medium,r120_overload,payload_bytes_med,overload_image,rest,graphql,graphql,30,30,,,0.0,-1.0,degenerate_constant,135.0,148.0,
M6,k1,r120_overload,payload_bytes_med,overload_page,rest,graphql,rest,30,30,,,0.0,-1.0,degenerate_constant,517.0,539.0,
M6,k10,r120_overload,payload_bytes_med,overload_page,rest,graphql,rest,30,30,0.0,1.1055246272842164e-12,0.0,-1.0,large,517.0,4977.0,2.0326161633758507e-12
M6,k5,r120_overload,payload_bytes_med,overload_page,rest,graphql,rest,30,30,0.0,1.0163080816879253e-12,0.0,-1.0,large,517.0,2506.5,2.0326161633758507e-12
M5,w2,r120_overload,payload_bytes_med,overload_track,rest,graphql,graphql,30,30,0.0,3.504853770338539e-13,0.0,-1.0,large,129.0,787.0,1.0514561311015617e-12
M5,w23,r120_overload,payload_bytes_med,overload_track,rest,graphql,graphql,30,30,0.0,1.170876452221095e-12,0.0,-1.0,large,907.0,5994.0,2.34175290444219e-12
M5,w8,r120_overload,payload_bytes_med,overload_track,rest,graphql,graphql,30,30,0.0,1.610183900779988e-12,0.0,-1.0,large,129.0,2200.0,2.34175290444219e-12
M1,high,r40,round_trip_count,sub_saturation,rest,graphql,,30,30,,,0.5,0.0,degenerate_constant,1.0,1.0,
M1,high,r80,round_trip_count,sub_saturation,rest,graphql,,30,30,,,0.5,0.0,degenerate_constant,1.0,1.0,
M1,low,r40,round_trip_count,sub_saturation,rest,graphql,,30,30,,,0.5,0.0,degenerate_constant,1.0,1.0,
M1,low,r80,round_trip_count,sub_saturation,rest,graphql,,30,30,,,0.5,0.0,degenerate_constant,1.0,1.0,
M1,medium,r40,round_trip_count,sub_saturation,rest,graphql,,30,30,,,0.5,0.0,degenerate_constant,1.0,1.0,
M1,medium,r80,round_trip_count,sub_saturation,rest,graphql,,30,30,,,0.5,0.0,degenerate_constant,1.0,1.0,
M2,high,r40,round_trip_count,sub_saturation,rest,graphql,,30,30,,,0.5,0.0,degenerate_constant,1.0,1.0,
M2,high,r80,round_trip_count,sub_saturation,rest,graphql,,30,30,,,0.5,0.0,degenerate_constant,1.0,1.0,
M2,low,r40,round_trip_count,sub_saturation,rest,graphql,,30,30,,,0.5,0.0,degenerate_constant,1.0,1.0,
M2,low,r80,round_trip_count,sub_saturation,rest,graphql,,30,30,,,0.5,0.0,degenerate_constant,1.0,1.0,
M2,medium,r40,round_trip_count,sub_saturation,rest,graphql,,30,30,,,0.5,0.0,degenerate_constant,1.0,1.0,
M2,medium,r80,round_trip_count,sub_saturation,rest,graphql,,30,30,,,0.5,0.0,degenerate_constant,1.0,1.0,
M3,high,r40,round_trip_count,sub_saturation,rest,graphql,,30,30,,,0.5,0.0,degenerate_constant,1.0,1.0,
M3,high,r80,round_trip_count,sub_saturation,rest,graphql,,30,30,,,0.5,0.0,degenerate_constant,1.0,1.0,
M3,low,r40,round_trip_count,sub_saturation,rest,graphql,,30,30,,,0.5,0.0,degenerate_constant,1.0,1.0,
M3,low,r80,round_trip_count,sub_saturation,rest,graphql,,30,30,,,0.5,0.0,degenerate_constant,1.0,1.0,
M3,medium,r40,round_trip_count,sub_saturation,rest,graphql,,30,30,,,0.5,0.0,degenerate_constant,1.0,1.0,
M3,medium,r80,round_trip_count,sub_saturation,rest,graphql,,30,30,,,0.5,0.0,degenerate_constant,1.0,1.0,
M4,high,r40,round_trip_count,sub_saturation,rest,graphql,,30,30,,,0.5,0.0,degenerate_constant,1.0,1.0,
M4,high,r80,round_trip_count,sub_saturation,rest,graphql,,30,30,,,0.5,0.0,degenerate_constant,1.0,1.0,
M4,low,r40,round_trip_count,sub_saturation,rest,graphql,,30,30,,,0.5,0.0,degenerate_constant,1.0,1.0,
M4,low,r80,round_trip_count,sub_saturation,rest,graphql,,30,30,,,0.5,0.0,degenerate_constant,1.0,1.0,
M4,medium,r40,round_trip_count,sub_saturation,rest,graphql,,30,30,,,0.5,0.0,degenerate_constant,1.0,1.0,
M4,medium,r80,round_trip_count,sub_saturation,rest,graphql,,30,30,,,0.5,0.0,degenerate_constant,1.0,1.0,
M5,w2,r40,round_trip_count,sub_saturation,rest,graphql,,30,30,,,1.0,1.0,degenerate_constant,2.0,1.0,
M5,w2,r80,round_trip_count,sub_saturation,rest,graphql,,30,30,,,1.0,1.0,degenerate_constant,2.0,1.0,
M5,w23,r40,round_trip_count,sub_saturation,rest,graphql,,30,30,,,1.0,1.0,degenerate_constant,2.0,1.0,
M5,w23,r80,round_trip_count,sub_saturation,rest,graphql,,30,30,,,1.0,1.0,degenerate_constant,2.0,1.0,
M5,w8,r40,round_trip_count,sub_saturation,rest,graphql,,30,30,,,1.0,1.0,degenerate_constant,2.0,1.0,
M5,w8,r80,round_trip_count,sub_saturation,rest,graphql,,30,30,,,1.0,1.0,degenerate_constant,2.0,1.0,
M6,k1,r40,round_trip_count,sub_saturation,rest,graphql,,30,30,,,0.5,0.0,degenerate_constant,1.0,1.0,
M6,k1,r80,round_trip_count,sub_saturation,rest,graphql,,30,30,,,0.5,0.0,degenerate_constant,1.0,1.0,
M6,k10,r40,round_trip_count,sub_saturation,rest,graphql,,30,30,,,1.0,1.0,degenerate_constant,10.0,1.0,
M6,k10,r80,round_trip_count,sub_saturation,rest,graphql,,30,30,,,1.0,1.0,degenerate_constant,10.0,1.0,
M6,k5,r40,round_trip_count,sub_saturation,rest,graphql,,30,30,,,1.0,1.0,degenerate_constant,5.0,1.0,
M6,k5,r80,round_trip_count,sub_saturation,rest,graphql,,30,30,,,1.0,1.0,degenerate_constant,5.0,1.0,
M1,high,r120_overload,round_trip_count,overload_image,rest,graphql,graphql,30,30,,,0.5,0.0,degenerate_constant,1.0,1.0,
M1,low,r120_overload,round_trip_count,overload_image,rest,graphql,graphql,30,30,,,0.5,0.0,degenerate_constant,1.0,1.0,
M1,medium,r120_overload,round_trip_count,overload_image,rest,graphql,graphql,30,30,,,0.5,0.0,degenerate_constant,1.0,1.0,
M2,high,r120_overload,round_trip_count,overload_image,rest,graphql,graphql,30,30,,,0.5,0.0,degenerate_constant,1.0,1.0,
M2,low,r120_overload,round_trip_count,overload_image,rest,graphql,graphql,30,30,,,0.5,0.0,degenerate_constant,1.0,1.0,
M2,medium,r120_overload,round_trip_count,overload_image,rest,graphql,graphql,30,30,,,0.5,0.0,degenerate_constant,1.0,1.0,
M3,high,r120_overload,round_trip_count,overload_image,rest,graphql,graphql,30,30,,,0.5,0.0,degenerate_constant,1.0,1.0,
M3,low,r120_overload,round_trip_count,overload_image,rest,graphql,graphql,30,30,,,0.5,0.0,degenerate_constant,1.0,1.0,
M3,medium,r120_overload,round_trip_count,overload_image,rest,graphql,graphql,30,30,,,0.5,0.0,degenerate_constant,1.0,1.0,
M4,high,r120_overload,round_trip_count,overload_image,rest,graphql,graphql,30,30,,,0.5,0.0,degenerate_constant,1.0,1.0,
M4,low,r120_overload,round_trip_count,overload_image,rest,graphql,graphql,30,30,,,0.5,0.0,degenerate_constant,1.0,1.0,
M4,medium,r120_overload,round_trip_count,overload_image,rest,graphql,graphql,30,30,,,0.5,0.0,degenerate_constant,1.0,1.0,
M6,k1,r120_overload,round_trip_count,overload_page,rest,graphql,rest,30,30,,,0.5,0.0,degenerate_constant,1.0,1.0,
M6,k10,r120_overload,round_trip_count,overload_page,rest,graphql,rest,30,30,,,1.0,1.0,degenerate_constant,10.0,1.0,
M6,k5,r120_overload,round_trip_count,overload_page,rest,graphql,rest,30,30,,,1.0,1.0,degenerate_constant,5.0,1.0,
M5,w2,r120_overload,round_trip_count,overload_track,rest,graphql,graphql,30,30,,,1.0,1.0,degenerate_constant,2.0,1.0,
M5,w23,r120_overload,round_trip_count,overload_track,rest,graphql,graphql,30,30,,,1.0,1.0,degenerate_constant,2.0,1.0,
M5,w8,r120_overload,round_trip_count,overload_track,rest,graphql,graphql,30,30,,,1.0,1.0,degenerate_constant,2.0,1.0,
M1,high,r40,cpu_mean,sub_saturation,rest,graphql,,30,30,0.0,3.016075319890922e-11,0.0,-1.0,large,11.10989010989011,39.756898656898656,1.0729231494184693e-09
M1,high,r80,cpu_mean,sub_saturation,rest,graphql,,30,30,0.0,3.008520215091029e-11,0.0,-1.0,large,17.96153846153846,79.44588522588523,1.0729231494184693e-09
M1,low,r40,cpu_mean,sub_saturation,rest,graphql,,30,30,0.0,3.002865221010998e-11,0.0,-1.0,large,6.122222222222222,20.55799755799756,1.0729231494184693e-09
M1,low,r80,cpu_mean,sub_saturation,rest,graphql,,30,30,0.0,3.002865221010998e-11,0.0,-1.0,large,10.568925518925518,39.06623931623932,1.0729231494184693e-09
M1,medium,r40,cpu_mean,sub_saturation,rest,graphql,,30,30,0.0,2.9953403131131725e-11,0.0,-1.0,large,7.5054945054945055,26.489010989010985,1.0729231494184693e-09
M1,medium,r80,cpu_mean,sub_saturation,rest,graphql,,30,30,0.0,3.0179667984904466e-11,0.0,-1.0,large,13.363663003663003,52.21550671550672,1.0729231494184693e-09
M2,high,r40,cpu_mean,sub_saturation,rest,graphql,,30,30,0.0,2.9953403131131725e-11,0.0,-1.0,large,9.543956043956044,27.153846153846157,1.0729231494184693e-09
M2,high,r80,cpu_mean,sub_saturation,rest,graphql,,30,30,0.0,3.0122956066832855e-11,0.0,-1.0,large,15.445054945054945,53.95808302808303,1.0729231494184693e-09
M2,low,r40,cpu_mean,sub_saturation,rest,graphql,,30,30,0.0,3.002865221010998e-11,0.0,-1.0,large,6.077228327228327,17.57692307692308,1.0729231494184693e-09
M2,low,r80,cpu_mean,sub_saturation,rest,graphql,,30,30,0.0,3.004749140670014e-11,0.0,-1.0,large,10.121489621489621,34.730769230769226,1.0729231494184693e-09
M2,medium,r40,cpu_mean,sub_saturation,rest,graphql,,30,30,0.0,3.0104073709630884e-11,0.0,-1.0,large,7.077289377289377,20.988394383394386,1.0729231494184693e-09
M2,medium,r80,cpu_mean,sub_saturation,rest,graphql,,30,30,0.0,3.016075319890922e-11,0.0,-1.0,large,12.405494505494506,41.58565323565324,1.0729231494184693e-09
M3,high,r40,cpu_mean,sub_saturation,rest,graphql,,30,30,0.0,3.000982378980083e-11,0.0,-1.0,large,7.412087912087912,25.834188034188035,1.0729231494184693e-09
M3,high,r80,cpu_mean,sub_saturation,rest,graphql,,30,30,0.0,3.0179667984904466e-11,0.0,-1.0,large,12.483516483516485,51.904444444444444,1.0729231494184693e-09
M3,low,r40,cpu_mean,sub_saturation,rest,graphql,,30,30,0.0,2.9953403131131725e-11,0.0,-1.0,large,6.1491452991452995,21.55805860805861,1.0729231494184693e-09
M3,low,r80,cpu_mean,sub_saturation,rest,graphql,,30,30,0.0,2.98034208171797e-11,0.0,-1.0,large,10.027594627594627,42.70714285714286,1.0729231494184693e-09
M3,medium,r40,cpu_mean,sub_saturation,rest,graphql,,30,30,0.0,3.006634138511715e-11,0.0,-1.0,large,6.472527472527473,23.14010989010989,1.0729231494184693e-09
M3,medium,r80,cpu_mean,sub_saturation,rest,graphql,,30,30,0.0,3.0141849228072565e-11,0.0,-1.0,large,10.659340659340659,44.541452991453,1.0729231494184693e-09
M4,high,r40,cpu_mean,sub_saturation,rest,graphql,,30,30,0.0,3.008520215091029e-11,0.0,-1.0,large,8.204761904761906,17.624297924297927,1.0729231494184693e-09
M4,high,r80,cpu_mean,sub_saturation,rest,graphql,,30,30,0.0,3.002865221010998e-11,0.0,-1.0,large,13.445054945054945,34.78021978021978,1.0729231494184693e-09
M4,low,r40,cpu_mean,sub_saturation,rest,graphql,,30,30,0.0,3.002865221010998e-11,0.0,-1.0,large,5.338888888888889,14.905555555555555,1.0729231494184693e-09
M4,low,r80,cpu_mean,sub_saturation,rest,graphql,,30,30,0.0,3.0104073709630884e-11,0.0,-1.0,large,9.48070818070818,30.13736263736264,1.0729231494184693e-09
M4,medium,r40,cpu_mean,sub_saturation,rest,graphql,,30,30,0.0,3.006634138511715e-11,0.0,-1.0,large,6.552442002442002,16.36446886446886,1.0729231494184693e-09
M4,medium,r80,cpu_mean,sub_saturation,rest,graphql,,30,30,0.0,3.0122956066832855e-11,0.0,-1.0,large,10.923076923076922,31.950305250305252,1.0729231494184693e-09
M5,w2,r40,cpu_mean,sub_saturation,rest,graphql,,30,30,0.0,3.0104073709630884e-11,0.0,-1.0,large,10.132539682539683,24.686813186813186,1.0729231494184693e-09
M5,w2,r80,cpu_mean,sub_saturation,rest,graphql,,30,30,0.0,3.016075319890922e-11,0.0,-1.0,large,19.126373626373628,48.78021978021978,1.0729231494184693e-09
M5,w23,r40,cpu_mean,sub_saturation,rest,graphql,,30,30,0.0,3.019859359162157e-11,0.0,-1.0,large,12.508241758241759,37.69444444444444,1.0729231494184693e-09
M5,w23,r80,cpu_mean,sub_saturation,rest,graphql,,30,30,0.0,3.0122956066832855e-11,0.0,-1.0,large,22.021978021978025,74.36428571428573,1.0729231494184693e-09
M5,w8,r40,cpu_mean,sub_saturation,rest,graphql,,30,30,0.0,3.0104073709630884e-11,0.0,-1.0,large,11.149145299145298,28.318681318681318,1.0729231494184693e-09
M5,w8,r80,cpu_mean,sub_saturation,rest,graphql,,30,30,0.0,3.0122956066832855e-11,0.0,-1.0,large,20.502319902319904,55.708241758241755,1.0729231494184693e-09
M6,k1,r40,cpu_mean,sub_saturation,rest,graphql,,30,30,0.0,2.9878326118129625e-11,0.0,-1.0,large,4.307692307692308,16.40909645909646,1.0729231494184693e-09
M6,k1,r80,cpu_mean,sub_saturation,rest,graphql,,30,30,0.0,2.999100614022856e-11,0.0,-1.0,large,8.362637362637363,32.11538461538461,1.0729231494184693e-09
M6,k10,r40,cpu_mean,sub_saturation,rest,graphql,,30,30,900.0,3.0141849228072565e-11,1.0,1.0,large,32.604395604395606,25.668498168498168,1.0729231494184693e-09
M6,k10,r80,cpu_mean,sub_saturation,rest,graphql,,30,30,900.0,3.016075319890922e-11,1.0,1.0,large,61.55818070818071,50.873626373626365,1.0729231494184693e-09
M6,k5,r40,cpu_mean,sub_saturation,rest,graphql,,30,30,0.0,3.006634138511715e-11,0.0,-1.0,large,16.36111111111111,20.785714285714285,1.0729231494184693e-09
M6,k5,r80,cpu_mean,sub_saturation,rest,graphql,,30,30,0.0,3.016075319890922e-11,0.0,-1.0,large,32.45280830280831,40.994505494505496,1.0729231494184693e-09
M1,high,r120_overload,cpu_mean,overload_image,rest,graphql,graphql,30,30,0.0,3.0122956066832855e-11,0.0,-1.0,large,26.453052503052504,99.13697664632863,3.6011788547760993e-10
M1,low,r120_overload,cpu_mean,overload_image,rest,graphql,graphql,30,30,0.0,3.0122956066832855e-11,0.0,-1.0,large,15.09932844932845,57.71934065934066,3.6011788547760993e-10
M1,medium,r120_overload,cpu_mean,overload_image,rest,graphql,graphql,30,30,0.0,3.0179667984904466e-11,0.0,-1.0,large,18.587912087912088,77.3786446886447,3.6011788547760993e-10
M2,high,r120_overload,cpu_mean,overload_image,rest,graphql,graphql,30,30,0.0,3.0179667984904466e-11,0.0,-1.0,large,22.74175824175824,79.59835164835165,3.6011788547760993e-10
M2,low,r120_overload,cpu_mean,overload_image,rest,graphql,graphql,30,30,0.0,3.0179667984904466e-11,0.0,-1.0,large,14.442002442002442,51.221666666666664,3.6011788547760993e-10
M2,medium,r120_overload,cpu_mean,overload_image,rest,graphql,graphql,30,30,0.0,3.0122956066832855e-11,0.0,-1.0,large,17.483516483516482,60.63876068376069,3.6011788547760993e-10
M3,high,r120_overload,cpu_mean,overload_image,rest,graphql,graphql,30,30,0.0,3.016075319890922e-11,0.0,-1.0,large,18.269230769230766,76.27333333333334,3.6011788547760993e-10
M3,low,r120_overload,cpu_mean,overload_image,rest,graphql,graphql,30,30,0.0,3.0141849228072565e-11,0.0,-1.0,large,14.648351648351648,63.66333333333334,3.6011788547760993e-10
M3,medium,r120_overload,cpu_mean,overload_image,rest,graphql,graphql,30,30,0.0,3.016075319890922e-11,0.0,-1.0,large,15.5,66.03351648351648,3.6011788547760993e-10
M4,high,r120_overload,cpu_mean,overload_image,rest,graphql,graphql,30,30,30.0,5.563504538612914e-10,0.03333333333333333,-0.9333333333333333,large,18.53846153846154,51.12930402930403,5.563504538612914e-10
M4,low,r120_overload,cpu_mean,overload_image,rest,graphql,graphql,30,30,0.0,3.000982378980083e-11,0.0,-1.0,large,12.820482295482297,43.801159951159946,3.6011788547760993e-10
M4,medium,r120_overload,cpu_mean,overload_image,rest,graphql,graphql,30,30,0.0,3.0179667984904466e-11,0.0,-1.0,large,15.532967032967033,48.027356532356535,3.6011788547760993e-10
M6,k1,r120_overload,cpu_mean,overload_page,rest,graphql,rest,30,30,0.0,3.008520215091029e-11,0.0,-1.0,large,11.038583638583638,49.0989010989011,9.025560645273085e-11
M6,k10,r120_overload,cpu_mean,overload_page,rest,graphql,rest,30,30,900.0,3.019859359162157e-11,1.0,1.0,large,167.8837507730365,79.02267399267399,9.025560645273085e-11
M6,k5,r120_overload,cpu_mean,overload_page,rest,graphql,rest,30,30,0.0,3.019859359162157e-11,0.0,-1.0,large,48.18626373626374,61.99570207570207,9.025560645273085e-11
M5,w2,r120_overload,cpu_mean,overload_track,rest,graphql,graphql,30,30,0.0,3.0179667984904466e-11,0.0,-1.0,large,27.20274725274725,72.46703296703296,9.05390039547134e-11
M5,w23,r120_overload,cpu_mean,overload_track,rest,graphql,graphql,30,30,0.0,3.0179667984904466e-11,0.0,-1.0,large,32.91208791208791,99.20260416666667,9.05390039547134e-11
M5,w8,r120_overload,cpu_mean,overload_track,rest,graphql,graphql,30,30,0.0,3.019859359162157e-11,0.0,-1.0,large,27.72924297924298,82.32582417582418,9.05390039547134e-11
M1,high,r40,rss_mean_mb,sub_saturation,rest,graphql,,30,30,60.0,1.0788227580286037e-09,0.06666666666666667,-0.8666666666666667,large,59.23,59.91,2.1576455160572074e-09
M1,high,r80,rss_mean_mb,sub_saturation,rest,graphql,,30,30,0.0,1.6899780566090358e-11,0.0,-1.0,large,56.61,61.11,2.806108344579513e-10
M1,low,r40,rss_mean_mb,sub_saturation,rest,graphql,,30,30,0.0,1.0504710689910429e-12,0.0,-1.0,large,51.33,58.248131868131864,3.046366100074024e-11
M1,low,r80,rss_mean_mb,sub_saturation,rest,graphql,,30,30,0.0,2.917914111086774e-12,0.0,-1.0,large,51.17,59.54,6.71120245549958e-11
M1,medium,r40,rss_mean_mb,sub_saturation,rest,graphql,,30,30,0.0,2.175114250321009e-11,0.0,-1.0,large,49.602444444444444,60.67911111111111,2.827648525417312e-10
M1,medium,r80,rss_mean_mb,sub_saturation,rest,graphql,,30,30,30.0,5.231472556367987e-10,0.03333333333333333,-0.9333333333333333,large,58.78332722832723,60.54222222222222,1.569441766910396e-09
M2,high,r40,rss_mean_mb,sub_saturation,rest,graphql,,30,30,0.0,1.9179510209131328e-11,0.0,-1.0,large,49.69,59.82,2.806108344579513e-10
M2,high,r80,rss_mean_mb,sub_saturation,rest,graphql,,30,30,0.0,2.5937977799496456e-11,0.0,-1.0,large,56.18,60.39,2.827648525417312e-10
M2,low,r40,rss_mean_mb,sub_saturation,rest,graphql,,30,30,0.0,2.1821400419281757e-11,0.0,-1.0,large,50.14,58.12972222222223,2.827648525417312e-10
M2,low,r80,rss_mean_mb,sub_saturation,rest,graphql,,30,30,0.0,1.182431285623656e-12,0.0,-1.0,large,51.31120085470086,61.23,3.109994336820573e-11
M2,medium,r40,rss_mean_mb,sub_saturation,rest,graphql,,30,30,0.0,2.7166645600250003e-11,0.0,-1.0,large,49.65,59.77,2.827648525417312e-10
M2,medium,r80,rss_mean_mb,sub_saturation,rest,graphql,,30,30,0.0,1.243785265684623e-11,0.0,-1.0,large,54.85307692307693,90.73,2.487570531369246e-10
M3,high,r40,rss_mean_mb,sub_saturation,rest,graphql,,30,30,900.0,2.610762259240946e-13,1.0,1.0,large,60.34,60.14,9.137667907343312e-12
M3,high,r80,rss_mean_mb,sub_saturation,rest,graphql,,30,30,0.0,6.08751758023531e-12,0.0,-1.0,large,52.4,60.93,1.3392538676517682e-10
M3,low,r40,rss_mean_mb,sub_saturation,rest,graphql,,30,30,0.0,4.1617062266768634e-14,0.0,-1.0,large,61.67,84.71,1.4982142416036708e-12
M3,low,r80,rss_mean_mb,sub_saturation,rest,graphql,,30,30,0.0,2.7012347649744355e-11,0.0,-1.0,large,48.77,59.25115384615385,2.827648525417312e-10
M3,medium,r40,rss_mean_mb,sub_saturation,rest,graphql,,30,30,0.0,3.20337969531716e-13,0.0,-1.0,large,54.1,60.0,1.0891490964078343e-11
M3,medium,r80,rss_mean_mb,sub_saturation,rest,graphql,,30,30,900.0,6.878669159288522e-12,1.0,1.0,large,61.45,60.8,1.4445205234505896e-10
M4,high,r40,rss_mean_mb,sub_saturation,rest,graphql,,30,30,0.0,1.591331959917232e-11,0.0,-1.0,large,52.40622222222222,59.81,2.806108344579513e-10
M4,high,r80,rss_mean_mb,sub_saturation,rest,graphql,,30,30,0.0,7.903099741797969e-13,0.0,-1.0,large,56.01,84.71,2.4499609199573705e-11
M4,low,r40,rss_mean_mb,sub_saturation,rest,graphql,,30,30,0.0,1.15184975437799e-12,0.0,-1.0,large,50.21,58.12488888888889,3.109994336820573e-11
M4,low,r80,rss_mean_mb,sub_saturation,rest,graphql,,30,30,0.0,1.759200335298069e-11,0.0,-1.0,large,55.013021978021975,60.3,2.806108344579513e-10
M4,medium,r40,rss_mean_mb,sub_saturation,rest,graphql,,30,30,0.0,2.7897394248755602e-11,0.0,-1.0,large,49.05,59.7,2.827648525417312e-10
M4,medium,r80,rss_mean_mb,sub_saturation,rest,graphql,,30,30,0.0,8.354634126291294e-13,0.0,-1.0,large,56.5210989010989,90.73,2.5063902378873884e-11
M5,w2,r40,rss_mean_mb,sub_saturation,rest,graphql,,30,30,0.0,1.1537394998892662e-12,0.0,-1.0,large,51.426813186813185,61.12,3.109994336820573e-11
M5,w2,r80,rss_mean_mb,sub_saturation,rest,graphql,,30,30,0.0,2.2680818782438853e-11,0.0,-1.0,large,55.56895604395604,60.31,2.827648525417312e-10
M5,w23,r40,rss_mean_mb,sub_saturation,rest,graphql,,30,30,0.0,2.514193859570389e-11,0.0,-1.0,large,51.84,59.65,2.827648525417312e-10
M5,w23,r80,rss_mean_mb,sub_saturation,rest,graphql,,30,30,0.0,2.562661823777749e-11,0.0,-1.0,large,53.94978021978022,60.48,2.827648525417312e-10
M5,w8,r40,rss_mean_mb,sub_saturation,rest,graphql,,30,30,900.0,4.741907205021469e-13,1.0,1.0,large,60.87,60.67,1.564829377657085e-11
M5,w8,r80,rss_mean_mb,sub_saturation,rest,graphql,,30,30,870.0,2.2907531209651803e-10,0.9666666666666667,0.9333333333333333,large,61.04093406593407,60.38,9.163012483860721e-10
M6,k1,r40,rss_mean_mb,sub_saturation,rest,graphql,,30,30,0.0,1.3458996216041307e-11,0.0,-1.0,large,49.02,59.95,2.5572092810478485e-10
M6,k1,r80,rss_mean_mb,sub_saturation,rest,graphql,,30,30,0.0,1.1863062247097352e-12,0.0,-1.0,large,51.62,60.58,3.109994336820573e-11
M6,k10,r40,rss_mean_mb,sub_saturation,rest,graphql,,30,30,0.0,1.0785615344726436e-12,0.0,-1.0,large,55.34,59.7,3.046366100074024e-11
M6,k10,r80,rss_mean_mb,sub_saturation,rest,graphql,,30,30,840.0,5.191643090079883e-09,0.9333333333333333,0.8666666666666667,large,63.3173253968254,60.06,5.191643090079883e-09
M6,k5,r40,rss_mean_mb,sub_saturation,rest,graphql,,30,30,0.0,5.82759676990849e-13,0.0,-1.0,large,52.02,60.8,1.8648309663707168e-11
M6,k5,r80,rss_mean_mb,sub_saturation,rest,graphql,,30,30,0.0,1.5589490803219518e-11,0.0,-1.0,large,53.53643956043956,60.36,2.806108344579513e-10
M1,high,r120_overload,rss_mean_mb,overload_image,rest,graphql,graphql,30,30,0.0,3.0141849228072565e-11,0.0,-1.0,large,55.57087912087913,91.23191539115646,3.0571106526665207e-10
M1,low,r120_overload,rss_mean_mb,overload_image,rest,graphql,graphql,30,30,0.0,2.77919150242411e-11,0.0,-1.0,large,52.32987423687424,59.21,3.0571106526665207e-10
M1,medium,r120_overload,rss_mean_mb,overload_image,rest,graphql,graphql,30,30,0.0,2.9915843138518686e-11,0.0,-1.0,large,55.53,61.010999999999996,3.0571106526665207e-10
M2,high,r120_overload,rss_mean_mb,overload_image,rest,graphql,graphql,30,30,30.0,4.0490762499028514e-10,0.03333333333333333,-0.9333333333333333,large,56.581500000000005,61.115439560439555,1.6196304999611406e-09
M2,low,r120_overload,rss_mean_mb,overload_image,rest,graphql,graphql,30,30,0.0,2.8358705608852014e-11,0.0,-1.0,large,51.44516483516483,59.37,3.0571106526665207e-10
M2,medium,r120_overload,rss_mean_mb,overload_image,rest,graphql,graphql,30,30,0.0,2.2233000582175435e-11,0.0,-1.0,large,56.05,61.04,2.667960069861052e-10
M3,high,r120_overload,rss_mean_mb,overload_image,rest,graphql,graphql,30,30,150.0,5.5950863902529156e-06,0.16666666666666666,-0.6666666666666667,large,55.26649592343141,61.15,1.6785259170758747e-05
M3,low,r120_overload,rss_mean_mb,overload_image,rest,graphql,graphql,30,30,0.0,2.8628002515447326e-11,0.0,-1.0,large,51.19989010989011,59.50791208791209,3.0571106526665207e-10
M3,medium,r120_overload,rss_mean_mb,overload_image,rest,graphql,graphql,30,30,270.0,0.005114482691993835,0.3,-0.4,medium,57.106263736263735,61.23,0.005114482691993835
M4,high,r120_overload,rss_mean_mb,overload_image,rest,graphql,graphql,30,30,750.0,7.785403018165455e-06,0.8333333333333334,0.6666666666666667,large,79.56659340659341,61.09,1.6785259170758747e-05
M4,low,r120_overload,rss_mean_mb,overload_image,rest,graphql,graphql,30,30,0.0,2.8936025137569305e-11,0.0,-1.0,large,50.34038888888889,59.33,3.0571106526665207e-10
M4,medium,r120_overload,rss_mean_mb,overload_image,rest,graphql,graphql,30,30,0.0,2.7915009594453793e-11,0.0,-1.0,large,53.90149511599512,61.07,3.0571106526665207e-10
M6,k1,r120_overload,rss_mean_mb,overload_page,rest,graphql,rest,30,30,150.0,3.372889041501062e-06,0.16666666666666666,-0.6666666666666667,large,59.04,60.86,3.372889041501062e-06
M6,k10,r120_overload,rss_mean_mb,overload_page,rest,graphql,rest,30,30,900.0,1.9558095152782195e-11,1.0,1.0,large,177.31704081632654,60.73769230769231,3.911619030556439e-11
M6,k5,r120_overload,rss_mean_mb,overload_page,rest,graphql,rest,30,30,0.0,5.203869821751052e-12,0.0,-1.0,large,58.68857142857143,60.88,1.5611609465253154e-11
M5,w2,r120_overload,rss_mean_mb,overload_track,rest,graphql,graphql,30,30,570.0,0.07711159426198025,0.6333333333333333,0.2666666666666666,small,61.8282967032967,60.83,0.07711159426198025
M5,w23,r120_overload,rss_mean_mb,overload_track,rest,graphql,graphql,30,30,0.0,2.7477657229468842e-11,0.0,-1.0,large,59.36395054945055,83.57010416666665,5.4955314458937685e-11
M5,w8,r120_overload,rss_mean_mb,overload_track,rest,graphql,graphql,30,30,900.0,1.7545829562641974e-11,1.0,1.0,large,63.426098901098904,61.2,5.263748868792592e-11
M5,w2,r40,page_latency_med,sub_saturation,rest,graphql,,30,30,592.0,0.036438855913451085,0.6577777777777778,0.3155555555555556,small,14.795497000000001,14.7318035,0.036438855913451085
M5,w2,r80,page_latency_med,sub_saturation,rest,graphql,,30,30,83.0,6.010385631570395e-08,0.09222222222222219,-0.8155555555555556,large,14.517241250000001,14.638926,1.202077126314079e-07
M5,w23,r40,page_latency_med,sub_saturation,rest,graphql,,30,30,0.0,3.019859359162157e-11,0.0,-1.0,large,15.67212,20.072149500000002,3.6238312309945887e-10
M5,w23,r80,page_latency_med,sub_saturation,rest,graphql,,30,30,0.0,3.019859359162157e-11,0.0,-1.0,large,15.02773,20.1347105,3.6238312309945887e-10
M5,w8,r40,page_latency_med,sub_saturation,rest,graphql,,30,30,0.0,3.019859359162157e-11,0.0,-1.0,large,15.1393255,16.2281905,3.6238312309945887e-10
M5,w8,r80,page_latency_med,sub_saturation,rest,graphql,,30,30,0.0,3.019859359162157e-11,0.0,-1.0,large,14.720850500000001,16.05710475,3.6238312309945887e-10
M6,k1,r40,page_latency_med,sub_saturation,rest,graphql,,30,30,0.0,3.019859359162157e-11,0.0,-1.0,large,7.745614,14.3253125,3.6238312309945887e-10
M6,k1,r80,page_latency_med,sub_saturation,rest,graphql,,30,30,0.0,3.019859359162157e-11,0.0,-1.0,large,7.6279965,14.1923925,3.6238312309945887e-10
M6,k10,r40,page_latency_med,sub_saturation,rest,graphql,,30,30,900.0,3.019859359162157e-11,1.0,1.0,large,75.12752599999999,19.860249500000002,3.6238312309945887e-10
M6,k10,r80,page_latency_med,sub_saturation,rest,graphql,,30,30,900.0,3.019859359162157e-11,1.0,1.0,large,80.31021750000001,19.776083749999998,3.6238312309945887e-10
M6,k5,r40,page_latency_med,sub_saturation,rest,graphql,,30,30,900.0,3.019859359162157e-11,1.0,1.0,large,36.573933,16.88294225,3.6238312309945887e-10
M6,k5,r80,page_latency_med,sub_saturation,rest,graphql,,30,30,900.0,3.019859359162157e-11,1.0,1.0,large,37.6819605,16.79474425,3.6238312309945887e-10
M6,k1,r120_overload,page_latency_med,overload_page,rest,graphql,rest,30,30,0.0,3.019859359162157e-11,0.0,-1.0,large,7.288065,14.2188865,9.059578077486472e-11
M6,k10,r120_overload,page_latency_med,overload_page,rest,graphql,rest,30,30,900.0,3.019859359162157e-11,1.0,1.0,large,13094.378679499998,20.1434885,9.059578077486472e-11
M6,k5,r120_overload,page_latency_med,overload_page,rest,graphql,rest,30,30,900.0,3.019859359162157e-11,1.0,1.0,large,37.228401,16.71138275,9.059578077486472e-11
M5,w2,r120_overload,page_latency_med,overload_track,rest,graphql,graphql,30,30,0.0,3.019859359162157e-11,0.0,-1.0,large,14.374414999999999,14.818432000000001,9.059578077486472e-11
M5,w23,r120_overload,page_latency_med,overload_track,rest,graphql,graphql,30,30,0.0,3.019859359162157e-11,0.0,-1.0,large,15.1175085,5052.458312,9.059578077486472e-11
M5,w8,r120_overload,page_latency_med,overload_track,rest,graphql,graphql,30,30,0.0,3.019859359162157e-11,0.0,-1.0,large,14.40247175,16.318955000000003,9.059578077486472e-11
