run_uid,block_id,block_order,protocol,caching,access_pattern,entropy,payload_weight,network,density,concurrency,page_size,scenario,tier,rate_label,backend,run_index,is_warmup
b6e6ddf471c6,B0015,0,graphql,on,zipfian,medium,heavy,constrained,medium,10,0,,,,sqlite,0,1
96dea48eb8e6,B0015,0,graphql,on,zipfian,medium,heavy,constrained,medium,10,0,,,,sqlite,0,0
6ceb6ece2419,B0015,0,graphql,on,zipfian,medium,heavy,constrained,medium,10,0,,,,sqlite,1,0
2af37d0fec06,B0015,0,graphql,on,zipfian,medium,heavy,constrained,medium,10,0,,,,sqlite,2,0
d8c963169342,B0005,1,rest,on,uniform,medium,heavy,constrained,medium,10,0,,,,sqlite,0,1
82f2b4ae5b39,B0005,1,rest,on,uniform,medium,heavy,constrained,medium,10,0,,,,sqlite,0,0
8fdec1e8de3a,B0005,1,rest,on,uniform,medium,heavy,constrained,medium,10,0,,,,sqlite,1,0
30ae6bf076f3,B0005,1,rest,on,uniform,medium,heavy,constrained,medium,10,0,,,,sqlite,2,0
56d2643e7a9e,B0018,2,graphql,off,unique,medium,light,constrained,medium,10,0,,,,sqlite,0,1
a1d49e52fab9,B0018,2,graphql,off,unique,medium,light,constrained,medium,10,0,,,,sqlite,0,0
72c16c71015f,B0018,2,graphql,off,unique,medium,light,constrained,medium,10,0,,,,sqlite,1,0
238fdfd8b336,B0018,2,graphql,off,unique,medium,light,constrained,medium,10,0,,,,sqlite,2,0
