run_uid,block_id,block_order,protocol,caching,access_pattern,entropy,payload_weight,network,density,concurrency,run_index,is_warmup
2059612ad88e,B0015,0,graphql,on,zipfian,medium,heavy,constrained,medium,10,0,1
c5c339dc42d4,B0015,0,graphql,on,zipfian,medium,heavy,constrained,medium,10,0,0
72d28652a91b,B0015,0,graphql,on,zipfian,medium,heavy,constrained,medium,10,1,0
beabae7ea563,B0005,1,rest,on,uniform,medium,heavy,constrained,medium,10,0,1
e13db1dc2910,B0005,1,rest,on,uniform,medium,heavy,constrained,medium,10,0,0
959a020fc44a,B0005,1,rest,on,uniform,medium,heavy,constrained,medium,10,1,0
e5ad37832425,B0018,2,graphql,off,unique,medium,light,constrained,medium,10,0,1
78783d55400a,B0018,2,graphql,off,unique,medium,light,constrained,medium,10,0,0
e89a3dabfcde,B0018,2,graphql,off,unique,medium,light,constrained,medium,10,1,0
55b68adb2e99,B0023,3,graphql,off,uniform,medium,heavy,constrained,medium,10,0,1
fe8ad7149541,B0023,3,graphql,off,uniform,medium,heavy,constrained,medium,10,0,0
676a05c23526,B0023,3,graphql,off,uniform,medium,heavy,constrained,medium,10,1,0
e8638fe8167d,B0013,4,graphql,on,unique,medium,heavy,constrained,medium,10,0,1
9a918a203912,B0013,4,graphql,on,unique,medium,heavy,constrained,medium,10,0,0
0622d433c153,B0013,4,graphql,on,unique,medium,heavy,constrained,medium,10,1,0
c6ee65b39e89,B0010,5,rest,off,uniform,medium,light,constrained,medium,10,0,1
7baa7061b799,B0010,5,rest,off,uniform,medium,light,constrained,medium,10,0,0
109544898f0b,B0010,5,rest,off,uniform,medium,light,constrained,medium,10,1,0
a78113a2629f,B0017,6,graphql,on,uniform,medium,heavy,constrained,medium,10,0,1
d5d8bfcf494a,B0017,6,graphql,on,uniform,medium,heavy,constrained,medium,10,0,0
39e6471198d2,B0017,6,graphql,on,uniform,medium,heavy,constrained,medium,10,1,0
9fefd99032fe,B0011,7,rest,off,uniform,medium,heavy,constrained,medium,10,0,1
e2541a6b12c6,B0011,7,rest,off,uniform,medium,heavy,constrained,medium,10,0,0
3e7adb654969,B0011,7,rest,off,uniform,medium,heavy,constrained,medium,10,1,0
cdccec31d778,B0014,8,graphql,on,zipfian,medium,light,constrained,medium,10,0,1
58f26c1a09e0,B0014,8,graphql,on,zipfian,medium,light,constrained,medium,10,0,0
c8e62eae0fb1,B0014,8,graphql,on,zipfian,medium,light,constrained,medium,10,1,0
05791b8f717d,B0016,9,graphql,on,uniform,medium,light,constrained,medium,10,0,1
e17f79c604b8,B0016,9,graphql,on,uniform,medium,light,constrained,medium,10,0,0
9eba4d4c04d6,B0016,9,graphql,on,uniform,medium,light,constrained,medium,10,1,0
e91e8f234de0,B0001,10,rest,on,unique,medium,heavy,constrained,medium,10,0,1
57217de9d3e7,B0001,10,rest,on,unique,medium,heavy,constrained,medium,10,0,0
b334e5918c8f,B0001,10,rest,on,unique,medium,heavy,constrained,medium,10,1,0
5a941ddb7626,B0012,11,graphql,on,unique,medium,light,constrained,medium,10,0,1
014816f95772,B0012,11,graphql,on,unique,medium,light,constrained,medium,10,0,0
d3d4df7bd774,B0012,11,graphql,on,unique,medium,light,constrained,medium,10,1,0
d2f0fca41e82,B0021,12,graphql,off,zipfian,medium,heavy,constrained,medium,10,0,1
dfd19779c459,B0021,12,graphql,off,zipfian,medium,heavy,constrained,medium,10,0,0
067e42f02df6,B0021,12,graphql,off,zipfian,medium,heavy,constrained,medium,10,1,0
9b2f4a284c46,B0006,13,rest,off,unique,medium,light,constrained,medium,10,0,1
537c98ea95a3,B0006,13,rest,off,unique,medium,light,constrained,medium,10,0,0
a567a3e2b3d6,B0006,13,rest,off,unique,medium,light,constrained,medium,10,1,0
347ceaab5cd4,B0009,14,rest,off,zipfian,medium,heavy,constrained,medium,10,0,1
0790b4a8ebf4,B0009,14,rest,off,zipfian,medium,heavy,constrained,medium,10,0,0
8cd7c35a5ce7,B0009,14,rest,off,zipfian,medium,heavy,constrained,medium,10,1,0
f5d362c74607,B0002,15,rest,on,zipfian,medium,light,constrained,medium,10,0,1
8a4ea4276e38,B0002,15,rest,on,zipfian,medium,light,constrained,medium,10,0,0
38cdd6dfc56b,B0002,15,rest,on,zipfian,medium,light,constrained,medium,10,1,0
dac2927dd00f,B0022,16,graphql,off,uniform,medium,light,constrained,medium,10,0,1
f210b0eabec0,B0022,16,graphql,off,uniform,medium,light,constrained,medium,10,0,0
962e20da6933,B0022,16,graphql,off,uniform,medium,light,constrained,medium,10,1,0
dc3e249e1586,B0004,17,rest,on,uniform,medium,light,constrained,medium,10,0,1
ea5a9bfee464,B0004,17,rest,on,uniform,medium,light,constrained,medium,10,0,0
d7d66b181152,B0004,17,rest,on,uniform,medium,light,constrained,medium,10,1,0
27b9376d9886,B0019,18,graphql,off,unique,medium,heavy,constrained,medium,10,0,1
5b6c651e2998,B0019,18,graphql,off,unique,medium,heavy,constrained,medium,10,0,0
35caa5fab5dd,B0019,18,graphql,off,unique,medium,heavy,constrained,medium,10,1,0
a60f43f7a66e,B0007,19,rest,off,unique,medium,heavy,constrained,medium,10,0,1
42bd86ae77ca,B0007,19,rest,off,unique,medium,heavy,constrained,medium,10,0,0
11156b5c3585,B0007,19,rest,off,unique,medium,heavy,constrained,medium,10,1,0
ea2bfaf2d0db,B0008,20,rest,off,zipfian,medium,light,constrained,medium,10,0,1
8346cecc2da3,B0008,20,rest,off,zipfian,medium,light,constrained,medium,10,0,0
16281be0113d,B0008,20,rest,off,zipfian,medium,light,constrained,medium,10,1,0
b1232c6f3823,B0000,21,rest,on,unique,medium,light,constrained,medium,10,0,1
ff25ac7ce661,B0000,21,rest,on,unique,medium,light,constrained,medium,10,0,0
26f15391db82,B0000,21,rest,on,unique,medium,light,constrained,medium,10,1,0
10df60f8a004,B0003,22,rest,on,zipfian,medium,heavy,constrained,medium,10,0,1
25cbe86de00e,B0003,22,rest,on,zipfian,medium,heavy,constrained,medium,10,0,0
247455ed0906,B0003,22,rest,on,zipfian,medium,heavy,constrained,medium,10,1,0
0cd4677c562c,B0020,23,graphql,off,zipfian,medium,light,constrained,medium,10,0,1
194bd26f44e3,B0020,23,graphql,off,zipfian,medium,light,constrained,medium,10,0,0
13262748843f,B0020,23,graphql,off,zipfian,medium,light,constrained,medium,10,1,0
