run_uid,block_id,block_order,protocol,caching,access_pattern,entropy,payload_weight,network,density,concurrency,page_size,scenario,tier,rate_label,backend,run_index,is_warmup
811a6507f515,B0015,0,graphql,on,zipfian,medium,heavy,constrained,medium,10,0,,,,sqlite,0,1
0ae7fb674084,B0015,0,graphql,on,zipfian,medium,heavy,constrained,medium,10,0,,,,sqlite,0,0
de34cf59b8c6,B0015,0,graphql,on,zipfian,medium,heavy,constrained,medium,10,0,,,,sqlite,1,0
896a877e6f1f,B0015,0,graphql,on,zipfian,medium,heavy,constrained,medium,10,0,,,,sqlite,2,0
fdd84816296f,B0015,0,graphql,on,zipfian,medium,heavy,constrained,medium,10,0,,,,sqlite,3,0
d380ca3169b5,B0015,0,graphql,on,zipfian,medium,heavy,constrained,medium,10,0,,,,sqlite,4,0
f5dba78bf6cc,B0015,0,graphql,on,zipfian,medium,heavy,constrained,medium,10,0,,,,sqlite,5,0
0fe2e87232fa,B0015,0,graphql,on,zipfian,medium,heavy,constrained,medium,10,0,,,,sqlite,6,0
7b678f549735,B0015,0,graphql,on,zipfian,medium,heavy,constrained,medium,10,0,,,,sqlite,7,0
6a0f28e59bf6,B0015,0,graphql,on,zipfian,medium,heavy,constrained,medium,10,0,,,,sqlite,8,0
d174a2518b49,B0015,0,graphql,on,zipfian,medium,heavy,constrained,medium,10,0,,,,sqlite,9,0
e404d09c5b48,B0015,0,graphql,on,zipfian,medium,heavy,constrained,medium,10,0,,,,sqlite,10,0
bd39c64f4841,B0015,0,graphql,on,zipfian,medium,heavy,constrained,medium,10,0,,,,sqlite,11,0
23c81b05b07a,B0015,0,graphql,on,zipfian,medium,heavy,constrained,medium,10,0,,,,sqlite,12,0
b1e09f22be2e,B0015,0,graphql,on,zipfian,medium,heavy,constrained,medium,10,0,,,,sqlite,13,0
1e5e2c6f63c9,B0015,0,graphql,on,zipfian,medium,heavy,constrained,medium,10,0,,,,sqlite,14,0
dda770499398,B0015,0,graphql,on,zipfian,medium,heavy,constrained,medium,10,0,,,,sqlite,15,0
6754a036bf07,B0015,0,graphql,on,zipfian,medium,heavy,constrained,medium,10,0,,,,sqlite,16,0
8afecdf49601,B0015,0,graphql,on,zipfian,medium,heavy,constrained,medium,10,0,,,,sqlite,17,0
ee7a2c349615,B0015,0,graphql,on,zipfian,medium,heavy,constrained,medium,10,0,,,,sqlite,18,0
e15b730f244e,B0015,0,graphql,on,zipfian,medium,heavy,constrained,medium,10,0,,,,sqlite,19,0
362464208dfa,B0015,0,graphql,on,zipfian,medium,heavy,constrained,medium,10,0,,,,sqlite,20,0
6e6f76ff6b5d,B0015,0,graphql,on,zipfian,medium,heavy,constrained,medium,10,0,,,,sqlite,21,0
018cb0c68440,B0015,0,graphql,on,zipfian,medium,heavy,constrained,medium,10,0,,,,sqlite,22,0
e9ff658da233,B0015,0,graphql,on,zipfian,medium,heavy,constrained,medium,10,0,,,,sqlite,23,0
ba5b5edd7b45,B0015,0,graphql,on,zipfian,medium,heavy,constrained,medium,10,0,,,,sqlite,24,0
7669d3f23a39,B0015,0,graphql,on,zipfian,medium,heavy,constrained,medium,10,0,,,,sqlite,25,0
9eeec33582c4,B0015,0,graphql,on,zipfian,medium,heavy,constrained,medium,10,0,,,,sqlite,26,0
63f34414fde6,B0015,0,graphql,on,zipfian,medium,heavy,constrained,medium,10,0,,,,sqlite,27,0
8cd0a33d3bdd,B0015,0,graphql,on,zipfian,medium,heavy,constrained,medium,10,0,,,,sqlite,28,0
ba0cc9754507,B0015,0,graphql,on,zipfian,medium,heavy,constrained,medium,10,0,,,,sqlite,29,0
b01acce4c78c,B0005,1,rest,on,uniform,medium,heavy,constrained,medium,10,0,,,,sqlite,0,1
6c668d9271cb,B0005,1,rest,on,uniform,medium,heavy,constrained,medium,10,0,,,,sqlite,0,0
11d0de124d8a,B0005,1,rest,on,uniform,medium,heavy,constrained,medium,10,0,,,,sqlite,1,0
cc5acf4fc64d,B0005,1,rest,on,uniform,medium,heavy,constrained,medium,10,0,,,,sqlite,2,0
37dcdc1311a6,B0005,1,rest,on,uniform,medium,heavy,constrained,medium,10,0,,,,sqlite,3,0
3d7d2cf8e8c3,B0005,1,rest,on,uniform,medium,heavy,constrained,medium,10,0,,,,sqlite,4,0
422c3372c901,B0005,1,rest,on,uniform,medium,heavy,constrained,medium,10,0,,,,sqlite,5,0
16d71348eabf,B0005,1,rest,on,uniform,medium,heavy,constrained,medium,10,0,,,,sqlite,6,0
391b410120c5,B0005,1,rest,on,uniform,medium,heavy,constrained,medium,10,0,,,,sqlite,7,0
2c49fb32f95e,B0005,1,rest,on,uniform,medium,heavy,constrained,medium,10,0,,,,sqlite,8,0
4fede4deb6b9,B0005,1,rest,on,uniform,medium,heavy,constrained,medium,10,0,,,,sqlite,9,0
8ec0db434d54,B0005,1,rest,on,uniform,medium,heavy,constrained,medium,10,0,,,,sqlite,10,0
c916d7ee9560,B0005,1,rest,on,uniform,medium,heavy,constrained,medium,10,0,,,,sqlite,11,0
423e01e902e6,B0005,1,rest,on,uniform,medium,heavy,constrained,medium,10,0,,,,sqlite,12,0
346ddf883e29,B0005,1,rest,on,uniform,medium,heavy,constrained,medium,10,0,,,,sqlite,13,0
32ef0909528d,B0005,1,rest,on,uniform,medium,heavy,constrained,medium,10,0,,,,sqlite,14,0
7f9763ebd95f,B0005,1,rest,on,uniform,medium,heavy,constrained,medium,10,0,,,,sqlite,15,0
4413a2e3d059,B0005,1,rest,on,uniform,medium,heavy,constrained,medium,10,0,,,,sqlite,16,0
6db5fa051572,B0005,1,rest,on,uniform,medium,heavy,constrained,medium,10,0,,,,sqlite,17,0
155949f3f7e5,B0005,1,rest,on,uniform,medium,heavy,constrained,medium,10,0,,,,sqlite,18,0
9cc26cd5d0ba,B0005,1,rest,on,uniform,medium,heavy,constrained,medium,10,0,,,,sqlite,19,0
2a2fe101f58b,B0005,1,rest,on,uniform,medium,heavy,constrained,medium,10,0,,,,sqlite,20,0
ec42cbfc454f,B0005,1,rest,on,uniform,medium,heavy,constrained,medium,10,0,,,,sqlite,21,0
610891792ea4,B0005,1,rest,on,uniform,medium,heavy,constrained,medium,10,0,,,,sqlite,22,0
1de43a6cb791,B0005,1,rest,on,uniform,medium,heavy,constrained,medium,10,0,,,,sqlite,23,0
344dfc3240ad,B0005,1,rest,on,uniform,medium,heavy,constrained,medium,10,0,,,,sqlite,24,0
761b4b4558be,B0005,1,rest,on,uniform,medium,heavy,constrained,medium,10,0,,,,sqlite,25,0
fb3d70b9c816,B0005,1,rest,on,uniform,medium,heavy,constrained,medium,10,0,,,,sqlite,26,0
ffa13d3722f9,B0005,1,rest,on,uniform,medium,heavy,constrained,medium,10,0,,,,sqlite,27,0
9d4589150b63,B0005,1,rest,on,uniform,medium,heavy,constrained,medium,10,0,,,,sqlite,28,0
294f54c3b862,B0005,1,rest,on,uniform,medium,heavy,constrained,medium,10,0,,,,sqlite,29,0
4c8e570a3267,B0018,2,graphql,off,unique,medium,light,constrained,medium,10,0,,,,sqlite,0,1
209943af2d7b,B0018,2,graphql,off,unique,medium,light,constrained,medium,10,0,,,,sqlite,0,0
3d36c54407e6,B0018,2,graphql,off,unique,medium,light,constrained,medium,10,0,,,,sqlite,1,0
e533f3f583d1,B0018,2,graphql,off,unique,medium,light,constrained,medium,10,0,,,,sqlite,2,0
bac22ec62a32,B0018,2,graphql,off,unique,medium,light,constrained,medium,10,0,,,,sqlite,3,0
6edfac9c0033,B0018,2,graphql,off,unique,medium,light,constrained,medium,10,0,,,,sqlite,4,0
1878c7552739,B0018,2,graphql,off,unique,medium,light,constrained,medium,10,0,,,,sqlite,5,0
77967287c209,B0018,2,graphql,off,unique,medium,light,constrained,medium,10,0,,,,sqlite,6,0
9673cc59976e,B0018,2,graphql,off,unique,medium,light,constrained,medium,10,0,,,,sqlite,7,0
5d199c38edd2,B0018,2,graphql,off,unique,medium,light,constrained,medium,10,0,,,,sqlite,8,0
4d04a00af657,B0018,2,graphql,off,unique,medium,light,constrained,medium,10,0,,,,sqlite,9,0
b9d9146a8783,B0018,2,graphql,off,unique,medium,light,constrained,medium,10,0,,,,sqlite,10,0
842b41744cd3,B0018,2,graphql,off,unique,medium,light,constrained,medium,10,0,,,,sqlite,11,0
1c4411d0a490,B0018,2,graphql,off,unique,medium,light,constrained,medium,10,0,,,,sqlite,12,0
33bc6d681155,B0018,2,graphql,off,unique,medium,light,constrained,medium,10,0,,,,sqlite,13,0
dd3fc381f621,B0018,2,graphql,off,unique,medium,light,constrained,medium,10,0,,,,sqlite,14,0
cdffa0e21fd2,B0018,2,graphql,off,unique,medium,light,constrained,medium,10,0,,,,sqlite,15,0
38a3fdf3c105,B0018,2,graphql,off,unique,medium,light,constrained,medium,10,0,,,,sqlite,16,0
8d4a01e5c9fe,B0018,2,graphql,off,unique,medium,light,constrained,medium,10,0,,,,sqlite,17,0
fbb141065407,B0018,2,graphql,off,unique,medium,light,constrained,medium,10,0,,,,sqlite,18,0
9153bb2b345e,B0018,2,graphql,off,unique,medium,light,constrained,medium,10,0,,,,sqlite,19,0
28fdb5c50c2a,B0018,2,graphql,off,unique,medium,light,constrained,medium,10,0,,,,sqlite,20,0
a144af7e7cc9,B0018,2,graphql,off,unique,medium,light,constrained,medium,10,0,,,,sqlite,21,0
f7a1c2d8116e,B0018,2,graphql,off,unique,medium,light,constrained,medium,10,0,,,,sqlite,22,0
5af89a34f2c1,B0018,2,graphql,off,unique,medium,light,constrained,medium,10,0,,,,sqlite,23,0
0adb12ce6b48,B0018,2,graphql,off,unique,medium,light,constrained,medium,10,0,,,,sqlite,24,0
1264149ec9c6,B0018,2,graphql,off,unique,medium,light,constrained,medium,10,0,,,,sqlite,25,0
7961a1366dcc,B0018,2,graphql,off,unique,medium,light,constrained,medium,10,0,,,,sqlite,26,0
ba5a7d259cb2,B0018,2,graphql,off,unique,medium,light,constrained,medium,10,0,,,,sqlite,27,0
19a7f3e5abbc,B0018,2,graphql,off,unique,medium,light,constrained,medium,10,0,,,,sqlite,28,0
72860f2e9d2a,B0018,2,graphql,off,unique,medium,light,constrained,medium,10,0,,,,sqlite,29,0
df72a00e5e5c,B0023,3,graphql,off,uniform,medium,heavy,constrained,medium,10,0,,,,sqlite,0,1
1c83e005fb81,B0023,3,graphql,off,uniform,medium,heavy,constrained,medium,10,0,,,,sqlite,0,0
612b5434cc3c,B0023,3,graphql,off,uniform,medium,heavy,constrained,medium,10,0,,,,sqlite,1,0
cee27a9f1447,B0023,3,graphql,off,uniform,medium,heavy,constrained,medium,10,0,,,,sqlite,2,0
83fb34b84e84,B0023,3,graphql,off,uniform,medium,heavy,constrained,medium,10,0,,,,sqlite,3,0
202e7c13b856,B0023,3,graphql,off,uniform,medium,heavy,constrained,medium,10,0,,,,sqlite,4,0
26f430421afb,B0023,3,graphql,off,uniform,medium,heavy,constrained,medium,10,0,,,,sqlite,5,0
903c8aa4b5dc,B0023,3,graphql,off,uniform,medium,heavy,constrained,medium,10,0,,,,sqlite,6,0
862b6bb99c81,B0023,3,graphql,off,uniform,medium,heavy,constrained,medium,10,0,,,,sqlite,7,0
8c7645c076a5,B0023,3,graphql,off,uniform,medium,heavy,constrained,medium,10,0,,,,sqlite,8,0
887fb981f7c7,B0023,3,graphql,off,uniform,medium,heavy,constrained,medium,10,0,,,,sqlite,9,0
fd03d37972f9,B0023,3,graphql,off,uniform,medium,heavy,constrained,medium,10,0,,,,sqlite,10,0
e8d90d385749,B0023,3,graphql,off,uniform,medium,heavy,constrained,medium,10,0,,,,sqlite,11,0
726b75643012,B0023,3,graphql,off,uniform,medium,heavy,constrained,medium,10,0,,,,sqlite,12,0
39c9c6c329ed,B0023,3,graphql,off,uniform,medium,heavy,constrained,medium,10,0,,,,sqlite,13,0
be6ed55cd4d5,B0023,3,graphql,off,uniform,medium,heavy,constrained,medium,10,0,,,,sqlite,14,0
473421878886,B0023,3,graphql,off,uniform,medium,heavy,constrained,medium,10,0,,,,sqlite,15,0
8aae9b918e96,B0023,3,graphql,off,uniform,medium,heavy,constrained,medium,10,0,,,,sqlite,16,0
29615abbf8c2,B0023,3,graphql,off,uniform,medium,heavy,constrained,medium,10,0,,,,sqlite,17,0
35edcc1ef8ff,B0023,3,graphql,off,uniform,medium,heavy,constrained,medium,10,0,,,,sqlite,18,0
8a0c30b0e94c,B0023,3,graphql,off,uniform,medium,heavy,constrained,medium,10,0,,,,sqlite,19,0
5f2e7cc91171,B0023,3,graphql,off,uniform,medium,heavy,constrained,medium,10,0,,,,sqlite,20,0
5d75496ecbdf,B0023,3,graphql,off,uniform,medium,heavy,constrained,medium,10,0,,,,sqlite,21,0
7670aa2a3b98,B0023,3,graphql,off,uniform,medium,heavy,constrained,medium,10,0,,,,sqlite,22,0
09ddf4d9fa17,B0023,3,graphql,off,uniform,medium,heavy,constrained,medium,10,0,,,,sqlite,23,0
2e4844a21993,B0023,3,graphql,off,uniform,medium,heavy,constrained,medium,10,0,,,,sqlite,24,0
26eb549371fa,B0023,3,graphql,off,uniform,medium,heavy,constrained,medium,10,0,,,,sqlite,25,0
f33c3547f8ab,B0023,3,graphql,off,uniform,medium,heavy,constrained,medium,10,0,,,,sqlite,26,0
1749f59e55e7,B0023,3,graphql,off,uniform,medium,heavy,constrained,medium,10,0,,,,sqlite,27,0
94e838102f2c,B0023,3,graphql,off,uniform,medium,heavy,constrained,medium,10,0,,,,sqlite,28,0
b771e032ce8d,B0023,3,graphql,off,uniform,medium,heavy,constrained,medium,10,0,,,,sqlite,29,0
82472f1f910b,B0013,4,graphql,on,unique,medium,heavy,constrained,medium,10,0,,,,sqlite,0,1
79122cd1ca39,B0013,4,graphql,on,unique,medium,heavy,constrained,medium,10,0,,,,sqlite,0,0
fa769bb7ce11,B0013,4,graphql,on,unique,medium,heavy,constrained,medium,10,0,,,,sqlite,1,0
9145583b870d,B0013,4,graphql,on,unique,medium,heavy,constrained,medium,10,0,,,,sqlite,2,0
98ce83e90d15,B0013,4,graphql,on,unique,medium,heavy,constrained,medium,10,0,,,,sqlite,3,0
84a6de96abb6,B0013,4,graphql,on,unique,medium,heavy,constrained,medium,10,0,,,,sqlite,4,0
761c308cdc0d,B0013,4,graphql,on,unique,medium,heavy,constrained,medium,10,0,,,,sqlite,5,0
037fb0dc521d,B0013,4,graphql,on,unique,medium,heavy,constrained,medium,10,0,,,,sqlite,6,0
046b23685722,B0013,4,graphql,on,unique,medium,heavy,constrained,medium,10,0,,,,sqlite,7,0
37a7fb1d51e4,B0013,4,graphql,on,unique,medium,heavy,constrained,medium,10,0,,,,sqlite,8,0
2267f129981f,B0013,4,graphql,on,unique,medium,heavy,constrained,medium,10,0,,,,sqlite,9,0
d366fea1db4a,B0013,4,graphql,on,unique,medium,heavy,constrained,medium,10,0,,,,sqlite,10,0
bc1ffa0fed3f,B0013,4,graphql,on,unique,medium,heavy,constrained,medium,10,0,,,,sqlite,11,0
63c500ee3fde,B0013,4,graphql,on,unique,medium,heavy,constrained,medium,10,0,,,,sqlite,12,0
b869f6d7b8bd,B0013,4,graphql,on,unique,medium,heavy,constrained,medium,10,0,,,,sqlite,13,0
03a7bdb33d04,B0013,4,graphql,on,unique,medium,heavy,constrained,medium,10,0,,,,sqlite,14,0
c25d92efc201,B0013,4,graphql,on,unique,medium,heavy,constrained,medium,10,0,,,,sqlite,15,0
5b41791dcc74,B0013,4,graphql,on,unique,medium,heavy,constrained,medium,10,0,,,,sqlite,16,0
11dc2aeb9a7f,B0013,4,graphql,on,unique,medium,heavy,constrained,medium,10,0,,,,sqlite,17,0
3d19f25102ab,B0013,4,graphql,on,unique,medium,heavy,constrained,medium,10,0,,,,sqlite,18,0
106139ef6767,B0013,4,graphql,on,unique,medium,heavy,constrained,medium,10,0,,,,sqlite,19,0
15b05bd80d5b,B0013,4,graphql,on,unique,medium,heavy,constrained,medium,10,0,,,,sqlite,20,0
467c0f263238,B0013,4,graphql,on,unique,medium,heavy,constrained,medium,10,0,,,,sqlite,21,0
6658d079d8fc,B0013,4,graphql,on,unique,medium,heavy,constrained,medium,10,0,,,,sqlite,22,0
a8e4b7bf8fd4,B0013,4,graphql,on,unique,medium,heavy,constrained,medium,10,0,,,,sqlite,23,0
d0e0a2be88bd,B0013,4,graphql,on,unique,medium,heavy,constrained,medium,10,0,,,,sqlite,24,0
b3ba5b661869,B0013,4,graphql,on,unique,medium,heavy,constrained,medium,10,0,,,,sqlite,25,0
49309907ac88,B0013,4,graphql,on,unique,medium,heavy,constrained,medium,10,0,,,,sqlite,26,0
4515daa62519,B0013,4,graphql,on,unique,medium,heavy,constrained,medium,10,0,,,,sqlite,27,0
77d1b9001f6e,B0013,4,graphql,on,unique,medium,heavy,constrained,medium,10,0,,,,sqlite,28,0
d8e23b1f15ca,B0013,4,graphql,on,unique,medium,heavy,constrained,medium,10,0,,,,sqlite,29,0
2f5b7c6e9a4b,B0010,5,rest,off,uniform,medium,light,constrained,medium,10,0,,,,sqlite,0,1
9a23f87e8def,B0010,5,rest,off,uniform,medium,light,constrained,medium,10,0,,,,sqlite,0,0
f08fb7600716,B0010,5,rest,off,uniform,medium,light,constrained,medium,10,0,,,,sqlite,1,0
f5916de0ec49,B0010,5,rest,off,uniform,medium,light,constrained,medium,10,0,,,,sqlite,2,0
a6bb0ac8ee46,B0010,5,rest,off,uniform,medium,light,constrained,medium,10,0,,,,sqlite,3,0
3c7610a5d084,B0010,5,rest,off,uniform,medium,light,constrained,medium,10,0,,,,sqlite,4,0
cd013775bb89,B0010,5,rest,off,uniform,medium,light,constrained,medium,10,0,,,,sqlite,5,0
1b4b6f8851ca,B0010,5,rest,off,uniform,medium,light,constrained,medium,10,0,,,,sqlite,6,0
164ff36ae330,B0010,5,rest,off,uniform,medium,light,constrained,medium,10,0,,,,sqlite,7,0
3d64e3d6dbaa,B0010,5,rest,off,uniform,medium,light,constrained,medium,10,0,,,,sqlite,8,0
09c3adceee15,B0010,5,rest,off,uniform,medium,light,constrained,medium,10,0,,,,sqlite,9,0
19ad44468cb8,B0010,5,rest,off,uniform,medium,light,constrained,medium,10,0,,,,sqlite,10,0
a7e710d13101,B0010,5,rest,off,uniform,medium,light,constrained,medium,10,0,,,,sqlite,11,0
316ec8ae735e,B0010,5,rest,off,uniform,medium,light,constrained,medium,10,0,,,,sqlite,12,0
604fc493b70e,B0010,5,rest,off,uniform,medium,light,constrained,medium,10,0,,,,sqlite,13,0
def196f59331,B0010,5,rest,off,uniform,medium,light,constrained,medium,10,0,,,,sqlite,14,0
0daf132dd7a0,B0010,5,rest,off,uniform,medium,light,constrained,medium,10,0,,,,sqlite,15,0
4192e31c85d9,B0010,5,rest,off,uniform,medium,light,constrained,medium,10,0,,,,sqlite,16,0
da6cd132ad23,B0010,5,rest,off,uniform,medium,light,constrained,medium,10,0,,,,sqlite,17,0
55c2f18310ab,B0010,5,rest,off,uniform,medium,light,constrained,medium,10,0,,,,sqlite,18,0
c00a308e407a,B0010,5,rest,off,uniform,medium,light,constrained,medium,10,0,,,,sqlite,19,0
221cd65f2e1f,B0010,5,rest,off,uniform,medium,light,constrained,medium,10,0,,,,sqlite,20,0
5b69307a9b86,B0010,5,rest,off,uniform,medium,light,constrained,medium,10,0,,,,sqlite,21,0
6aeebf661496,B0010,5,rest,off,uniform,medium,light,constrained,medium,10,0,,,,sqlite,22,0
9a2c884983d5,B0010,5,rest,off,uniform,medium,light,constrained,medium,10,0,,,,sqlite,23,0
ad6f92e32c8b,B0010,5,rest,off,uniform,medium,light,constrained,medium,10,0,,,,sqlite,24,0
e152e3bc1e3f,B0010,5,rest,off,uniform,medium,light,constrained,medium,10,0,,,,sqlite,25,0
249f4e16bebd,B0010,5,rest,off,uniform,medium,light,constrained,medium,10,0,,,,sqlite,26,0
aec7ddfa96a7,B0010,5,rest,off,uniform,medium,light,constrained,medium,10,0,,,,sqlite,27,0
7cf0cc10509a,B0010,5,rest,off,uniform,medium,light,constrained,medium,10,0,,,,sqlite,28,0
04b6b1f134a0,B0010,5,rest,off,uniform,medium,light,constrained,medium,10,0,,,,sqlite,29,0
4723834cb79f,B0017,6,graphql,on,uniform,medium,heavy,constrained,medium,10,0,,,,sqlite,0,1
dd94d73cb105,B0017,6,graphql,on,uniform,medium,heavy,constrained,medium,10,0,,,,sqlite,0,0
c4f229e73832,B0017,6,graphql,on,uniform,medium,heavy,constrained,medium,10,0,,,,sqlite,1,0
dbfbd1429f17,B0017,6,graphql,on,uniform,medium,heavy,constrained,medium,10,0,,,,sqlite,2,0
225dfd252fda,B0017,6,graphql,on,uniform,medium,heavy,constrained,medium,10,0,,,,sqlite,3,0
592735af3440,B0017,6,graphql,on,uniform,medium,heavy,constrained,medium,10,0,,,,sqlite,4,0
520edec57e4b,B0017,6,graphql,on,uniform,medium,heavy,constrained,medium,10,0,,,,sqlite,5,0
a68ecab4b189,B0017,6,graphql,on,uniform,medium,heavy,constrained,medium,10,0,,,,sqlite,6,0
67168fa2af7e,B0017,6,graphql,on,uniform,medium,heavy,constrained,medium,10,0,,,,sqlite,7,0
ec4ec9386342,B0017,6,graphql,on,uniform,medium,heavy,constrained,medium,10,0,,,,sqlite,8,0
59a3edeb4b08,B0017,6,graphql,on,uniform,medium,heavy,constrained,medium,10,0,,,,sqlite,9,0
fc4d2da37208,B0017,6,graphql,on,uniform,medium,heavy,constrained,medium,10,0,,,,sqlite,10,0
865023651b60,B0017,6,graphql,on,uniform,medium,heavy,constrained,medium,10,0,,,,sqlite,11,0
75b145f1fef9,B0017,6,graphql,on,uniform,medium,heavy,constrained,medium,10,0,,,,sqlite,12,0
c90efe53390f,B0017,6,graphql,on,uniform,medium,heavy,constrained,medium,10,0,,,,sqlite,13,0
49e52990ae37,B0017,6,graphql,on,uniform,medium,heavy,constrained,medium,10,0,,,,sqlite,14,0
e9f859d57a0f,B0017,6,graphql,on,uniform,medium,heavy,constrained,medium,10,0,,,,sqlite,15,0
1cc23f95dfbf,B0017,6,graphql,on,uniform,medium,heavy,constrained,medium,10,0,,,,sqlite,16,0
4d82de059dd3,B0017,6,graphql,on,uniform,medium,heavy,constrained,medium,10,0,,,,sqlite,17,0
17365283973c,B0017,6,graphql,on,uniform,medium,heavy,constrained,medium,10,0,,,,sqlite,18,0
bd84e87d4eda,B0017,6,graphql,on,uniform,medium,heavy,constrained,medium,10,0,,,,sqlite,19,0
170646ec4887,B0017,6,graphql,on,uniform,medium,heavy,constrained,medium,10,0,,,,sqlite,20,0
26c893ab32b9,B0017,6,graphql,on,uniform,medium,heavy,constrained,medium,10,0,,,,sqlite,21,0
6f11b0118293,B0017,6,graphql,on,uniform,medium,heavy,constrained,medium,10,0,,,,sqlite,22,0
d0467c04f8f0,B0017,6,graphql,on,uniform,medium,heavy,constrained,medium,10,0,,,,sqlite,23,0
d37faeefcf38,B0017,6,graphql,on,uniform,medium,heavy,constrained,medium,10,0,,,,sqlite,24,0
51df9e554353,B0017,6,graphql,on,uniform,medium,heavy,constrained,medium,10,0,,,,sqlite,25,0
799d27ffa0b4,B0017,6,graphql,on,uniform,medium,heavy,constrained,medium,10,0,,,,sqlite,26,0
fb3ded1b6186,B0017,6,graphql,on,uniform,medium,heavy,constrained,medium,10,0,,,,sqlite,27,0
9859abef37bb,B0017,6,graphql,on,uniform,medium,heavy,constrained,medium,10,0,,,,sqlite,28,0
b6e2c7b6d4e8,B0017,6,graphql,on,uniform,medium,heavy,constrained,medium,10,0,,,,sqlite,29,0
231bfe0da05c,B0011,7,rest,off,uniform,medium,heavy,constrained,medium,10,0,,,,sqlite,0,1
ad857c657f7d,B0011,7,rest,off,uniform,medium,heavy,constrained,medium,10,0,,,,sqlite,0,0
87768025460b,B0011,7,rest,off,uniform,medium,heavy,constrained,medium,10,0,,,,sqlite,1,0
4ffe728bd7ff,B0011,7,rest,off,uniform,medium,heavy,constrained,medium,10,0,,,,sqlite,2,0
f60952691373,B0011,7,rest,off,uniform,medium,heavy,constrained,medium,10,0,,,,sqlite,3,0
84115e0c9d9c,B0011,7,rest,off,uniform,medium,heavy,constrained,medium,10,0,,,,sqlite,4,0
cfa2663fdc06,B0011,7,rest,off,uniform,medium,heavy,constrained,medium,10,0,,,,sqlite,5,0
90f0bd5d0651,B0011,7,rest,off,uniform,medium,heavy,constrained,medium,10,0,,,,sqlite,6,0
45708d92cf48,B0011,7,rest,off,uniform,medium,heavy,constrained,medium,10,0,,,,sqlite,7,0
012e304915de,B0011,7,rest,off,uniform,medium,heavy,constrained,medium,10,0,,,,sqlite,8,0
f6a5087d8514,B0011,7,rest,off,uniform,medium,heavy,constrained,medium,10,0,,,,sqlite,9,0
e1ccb3db1e79,B0011,7,rest,off,uniform,medium,heavy,constrained,medium,10,0,,,,sqlite,10,0
b8892a4bc3c9,B0011,7,rest,off,uniform,medium,heavy,constrained,medium,10,0,,,,sqlite,11,0
268132736be6,B0011,7,rest,off,uniform,medium,heavy,constrained,medium,10,0,,,,sqlite,12,0
1821a4826b42,B0011,7,rest,off,uniform,medium,heavy,constrained,medium,10,0,,,,sqlite,13,0
7a31791bc4da,B0011,7,rest,off,uniform,medium,heavy,constrained,medium,10,0,,,,sqlite,14,0
8ad54969ad92,B0011,7,rest,off,uniform,medium,heavy,constrained,medium,10,0,,,,sqlite,15,0
9c26c3d143c9,B0011,7,rest,off,uniform,medium,heavy,constrained,medium,10,0,,,,sqlite,16,0
13d305136ec4,B0011,7,rest,off,uniform,medium,heavy,constrained,medium,10,0,,,,sqlite,17,0
49e846a7d5b6,B0011,7,rest,off,uniform,medium,heavy,constrained,medium,10,0,,,,sqlite,18,0
9def037b0d2e,B0011,7,rest,off,uniform,medium,heavy,constrained,medium,10,0,,,,sqlite,19,0
617c08a4b61a,B0011,7,rest,off,uniform,medium,heavy,constrained,medium,10,0,,,,sqlite,20,0
7f583dcaaecd,B0011,7,rest,off,uniform,medium,heavy,constrained,medium,10,0,,,,sqlite,21,0
1013d467934e,B0011,7,rest,off,uniform,medium,heavy,constrained,medium,10,0,,,,sqlite,22,0
48f3b94eff90,B0011,7,rest,off,uniform,medium,heavy,constrained,medium,10,0,,,,sqlite,23,0
e70f47465f26,B0011,7,rest,off,uniform,medium,heavy,constrained,medium,10,0,,,,sqlite,24,0
f51f83c39259,B0011,7,rest,off,uniform,medium,heavy,constrained,medium,10,0,,,,sqlite,25,0
5239df840d45,B0011,7,rest,off,uniform,medium,heavy,constrained,medium,10,0,,,,sqlite,26,0
68dada828803,B0011,7,rest,off,uniform,medium,heavy,constrained,medium,10,0,,,,sqlite,27,0
93cb5c6f1cd0,B0011,7,rest,off,uniform,medium,heavy,constrained,medium,10,0,,,,sqlite,28,0
f26684240d68,B0011,7,rest,off,uniform,medium,heavy,constrained,medium,10,0,,,,sqlite,29,0
99e80a810259,B0014,8,graphql,on,zipfian,medium,light,constrained,medium,10,0,,,,sqlite,0,1
b3eba170780d,B0014,8,graphql,on,zipfian,medium,light,constrained,medium,10,0,,,,sqlite,0,0
762b13415a8b,B0014,8,graphql,on,zipfian,medium,light,constrained,medium,10,0,,,,sqlite,1,0
369e21dc7c5f,B0014,8,graphql,on,zipfian,medium,light,constrained,medium,10,0,,,,sqlite,2,0
e38a30a02050,B0014,8,graphql,on,zipfian,medium,light,constrained,medium,10,0,,,,sqlite,3,0
d870e304eda4,B0014,8,graphql,on,zipfian,medium,light,constrained,medium,10,0,,,,sqlite,4,0
4a15e6cb89ec,B0014,8,graphql,on,zipfian,medium,light,constrained,medium,10,0,,,,sqlite,5,0
cf3ecabb22c4,B0014,8,graphql,on,zipfian,medium,light,constrained,medium,10,0,,,,sqlite,6,0
c0be436af886,B0014,8,graphql,on,zipfian,medium,light,constrained,medium,10,0,,,,sqlite,7,0
515a41ea26fe,B0014,8,graphql,on,zipfian,medium,light,constrained,medium,10,0,,,,sqlite,8,0
fc45d61c1d7e,B0014,8,graphql,on,zipfian,medium,light,constrained,medium,10,0,,,,sqlite,9,0
4a232420d401,B0014,8,graphql,on,zipfian,medium,light,constrained,medium,10,0,,,,sqlite,10,0
a9ca0f86651d,B0014,8,graphql,on,zipfian,medium,light,constrained,medium,10,0,,,,sqlite,11,0
a91986c79afb,B0014,8,graphql,on,zipfian,medium,light,constrained,medium,10,0,,,,sqlite,12,0
7cf04857fa96,B0014,8,graphql,on,zipfian,medium,light,constrained,medium,10,0,,,,sqlite,13,0
6f07a65951b3,B0014,8,graphql,on,zipfian,medium,light,constrained,medium,10,0,,,,sqlite,14,0
a7cbcf735360,B0014,8,graphql,on,zipfian,medium,light,constrained,medium,10,0,,,,sqlite,15,0
60ee6ae61be2,B0014,8,graphql,on,zipfian,medium,light,constrained,medium,10,0,,,,sqlite,16,0
ff53af5aac1a,B0014,8,graphql,on,zipfian,medium,light,constrained,medium,10,0,,,,sqlite,17,0
0887bfc1ef01,B0014,8,graphql,on,zipfian,medium,light,constrained,medium,10,0,,,,sqlite,18,0
ebe964c46a57,B0014,8,graphql,on,zipfian,medium,light,constrained,medium,10,0,,,,sqlite,19,0
7d818d5ebebf,B0014,8,graphql,on,zipfian,medium,light,constrained,medium,10,0,,,,sqlite,20,0
2399cf8fa57b,B0014,8,graphql,on,zipfian,medium,light,constrained,medium,10,0,,,,sqlite,21,0
059d6b69faac,B0014,8,graphql,on,zipfian,medium,light,constrained,medium,10,0,,,,sqlite,22,0
20e7b88aadd9,B0014,8,graphql,on,zipfian,medium,light,constrained,medium,10,0,,,,sqlite,23,0
8d18039c09ae,B0014,8,graphql,on,zipfian,medium,light,constrained,medium,10,0,,,,sqlite,24,0
cdbc7a869bee,B0014,8,graphql,on,zipfian,medium,light,constrained,medium,10,0,,,,sqlite,25,0
6f33c5777b7e,B0014,8,graphql,on,zipfian,medium,light,constrained,medium,10,0,,,,sqlite,26,0
f8ba3a1a9348,B0014,8,graphql,on,zipfian,medium,light,constrained,medium,10,0,,,,sqlite,27,0
3b2e36de9408,B0014,8,graphql,on,zipfian,medium,light,constrained,medium,10,0,,,,sqlite,28,0
13b0cd8213a7,B0014,8,graphql,on,zipfian,medium,light,constrained,medium,10,0,,,,sqlite,29,0
55563a8b2b86,B0016,9,graphql,on,uniform,medium,light,constrained,medium,10,0,,,,sqlite,0,1
1dcf500ac4fe,B0016,9,graphql,on,uniform,medium,light,constrained,medium,10,0,,,,sqlite,0,0
c2be40f3219c,B0016,9,graphql,on,uniform,medium,light,constrained,medium,10,0,,,,sqlite,1,0
d53832bfa5ca,B0016,9,graphql,on,uniform,medium,light,constrained,medium,10,0,,,,sqlite,2,0
66aa630e8a47,B0016,9,graphql,on,uniform,medium,light,constrained,medium,10,0,,,,sqlite,3,0
c43dd4d4e9c9,B0016,9,graphql,on,uniform,medium,light,constrained,medium,10,0,,,,sqlite,4,0
45b20bb81617,B0016,9,graphql,on,uniform,medium,light,constrained,medium,10,0,,,,sqlite,5,0
52aecd489a7c,B0016,9,graphql,on,uniform,medium,light,constrained,medium,10,0,,,,sqlite,6,0
e99d8d2f106b,B0016,9,graphql,on,uniform,medium,light,constrained,medium,10,0,,,,sqlite,7,0
ea6b69065bf1,B0016,9,graphql,on,uniform,medium,light,constrained,medium,10,0,,,,sqlite,8,0
23170960dd3a,B0016,9,graphql,on,uniform,medium,light,constrained,medium,10,0,,,,sqlite,9,0
230e6bd0528a,B0016,9,graphql,on,uniform,medium,light,constrained,medium,10,0,,,,sqlite,10,0
6f5d6ec00243,B0016,9,graphql,on,uniform,medium,light,constrained,medium,10,0,,,,sqlite,11,0
4f1e3a7d6c45,B0016,9,graphql,on,uniform,medium,light,constrained,medium,10,0,,,,sqlite,12,0
303888937edb,B0016,9,graphql,on,uniform,medium,light,constrained,medium,10,0,,,,sqlite,13,0
96a1b6650ba3,B0016,9,graphql,on,uniform,medium,light,constrained,medium,10,0,,,,sqlite,14,0
fc6d29bf2d34,B0016,9,graphql,on,uniform,medium,light,constrained,medium,10,0,,,,sqlite,15,0
bf01a35d6be2,B0016,9,graphql,on,uniform,medium,light,constrained,medium,10,0,,,,sqlite,16,0
9bd3598bf60d,B0016,9,graphql,on,uniform,medium,light,constrained,medium,10,0,,,,sqlite,17,0
a5eac1425081,B0016,9,graphql,on,uniform,medium,light,constrained,medium,10,0,,,,sqlite,18,0
34c5b08c0da2,B0016,9,graphql,on,uniform,medium,light,constrained,medium,10,0,,,,sqlite,19,0
30d274bc358b,B0016,9,graphql,on,uniform,medium,light,constrained,medium,10,0,,,,sqlite,20,0
cef0696de21d,B0016,9,graphql,on,uniform,medium,light,constrained,medium,10,0,,,,sqlite,21,0
6670f2180934,B0016,9,graphql,on,uniform,medium,light,constrained,medium,10,0,,,,sqlite,22,0
cd34a6d8b341,B0016,9,graphql,on,uniform,medium,light,constrained,medium,10,0,,,,sqlite,23,0
b41b9484a4b3,B0016,9,graphql,on,uniform,medium,light,constrained,medium,10,0,,,,sqlite,24,0
bc7b005b85f1,B0016,9,graphql,on,uniform,medium,light,constrained,medium,10,0,,,,sqlite,25,0
81d29b68573b,B0016,9,graphql,on,uniform,medium,light,constrained,medium,10,0,,,,sqlite,26,0
abe1eabe6cf9,B0016,9,graphql,on,uniform,medium,light,constrained,medium,10,0,,,,sqlite,27,0
f1813f59e4f0,B0016,9,graphql,on,uniform,medium,light,constrained,medium,10,0,,,,sqlite,28,0
97490cea2476,B0016,9,graphql,on,uniform,medium,light,constrained,medium,10,0,,,,sqlite,29,0
da70150ab0ac,B0001,10,rest,on,unique,medium,heavy,constrained,medium,10,0,,,,sqlite,0,1
f881bf11ea97,B0001,10,rest,on,unique,medium,heavy,constrained,medium,10,0,,,,sqlite,0,0
ea47e42d4d42,B0001,10,rest,on,unique,medium,heavy,constrained,medium,10,0,,,,sqlite,1,0
a3d416fd1b85,B0001,10,rest,on,unique,medium,heavy,constrained,medium,10,0,,,,sqlite,2,0
c097ff160cff,B0001,10,rest,on,unique,medium,heavy,constrained,medium,10,0,,,,sqlite,3,0
9e518187f551,B0001,10,rest,on,unique,medium,heavy,constrained,medium,10,0,,,,sqlite,4,0
adf221b68397,B0001,10,rest,on,unique,medium,heavy,constrained,medium,10,0,,,,sqlite,5,0
fae23557d737,B0001,10,rest,on,unique,medium,heavy,constrained,medium,10,0,,,,sqlite,6,0
002742aaa1d1,B0001,10,rest,on,unique,medium,heavy,constrained,medium,10,0,,,,sqlite,7,0
d87b36d126bc,B0001,10,rest,on,unique,medium,heavy,constrained,medium,10,0,,,,sqlite,8,0
9e1c3781c10e,B0001,10,rest,on,unique,medium,heavy,constrained,medium,10,0,,,,sqlite,9,0
9e72502b8c92,B0001,10,rest,on,unique,medium,heavy,constrained,medium,10,0,,,,sqlite,10,0
19c8cbb5ff12,B0001,10,rest,on,unique,medium,heavy,constrained,medium,10,0,,,,sqlite,11,0
d394a5a35787,B0001,10,rest,on,unique,medium,heavy,constrained,medium,10,0,,,,sqlite,12,0
4b7baf33d2a6,B0001,10,rest,on,unique,medium,heavy,constrained,medium,10,0,,,,sqlite,13,0
f966cbf994e4,B0001,10,rest,on,unique,medium,heavy,constrained,medium,10,0,,,,sqlite,14,0
b11712258e7b,B0001,10,rest,on,unique,medium,heavy,constrained,medium,10,0,,,,sqlite,15,0
4fb26ec6c393,B0001,10,rest,on,unique,medium,heavy,constrained,medium,10,0,,,,sqlite,16,0
bf75a762a0cd,B0001,10,rest,on,unique,medium,heavy,constrained,medium,10,0,,,,sqlite,17,0
a724abc56358,B0001,10,rest,on,unique,medium,heavy,constrained,medium,10,0,,,,sqlite,18,0
f3d9235dbcd8,B0001,10,rest,on,unique,medium,heavy,constrained,medium,10,0,,,,sqlite,19,0
8b4d7dc1ea8d,B0001,10,rest,on,unique,medium,heavy,constrained,medium,10,0,,,,sqlite,20,0
7ba207ab25fe,B0001,10,rest,on,unique,medium,heavy,constrained,medium,10,0,,,,sqlite,21,0
2558cd2f9f9e,B0001,10,rest,on,unique,medium,heavy,constrained,medium,10,0,,,,sqlite,22,0
f8b880946f9e,B0001,10,rest,on,unique,medium,heavy,constrained,medium,10,0,,,,sqlite,23,0
42367e571855,B0001,10,rest,on,unique,medium,heavy,constrained,medium,10,0,,,,sqlite,24,0
71ff9fdc60cb,B0001,10,rest,on,unique,medium,heavy,constrained,medium,10,0,,,,sqlite,25,0
cdcdf428de77,B0001,10,rest,on,unique,medium,heavy,constrained,medium,10,0,,,,sqlite,26,0
217ae98fc7b2,B0001,10,rest,on,unique,medium,heavy,constrained,medium,10,0,,,,sqlite,27,0
dce2f00ec66e,B0001,10,rest,on,unique,medium,heavy,constrained,medium,10,0,,,,sqlite,28,0
3c98547bc583,B0001,10,rest,on,unique,medium,heavy,constrained,medium,10,0,,,,sqlite,29,0
1e6944b28506,B0012,11,graphql,on,unique,medium,light,constrained,medium,10,0,,,,sqlite,0,1
afd303981594,B0012,11,graphql,on,unique,medium,light,constrained,medium,10,0,,,,sqlite,0,0
e4e485201761,B0012,11,graphql,on,unique,medium,light,constrained,medium,10,0,,,,sqlite,1,0
0554e3cc18f4,B0012,11,graphql,on,unique,medium,light,constrained,medium,10,0,,,,sqlite,2,0
4727f736e587,B0012,11,graphql,on,unique,medium,light,constrained,medium,10,0,,,,sqlite,3,0
fb87ee662207,B0012,11,graphql,on,unique,medium,light,constrained,medium,10,0,,,,sqlite,4,0
b781416d5802,B0012,11,graphql,on,unique,medium,light,constrained,medium,10,0,,,,sqlite,5,0
a5ade33263a3,B0012,11,graphql,on,unique,medium,light,constrained,medium,10,0,,,,sqlite,6,0
06bcb1d46d80,B0012,11,graphql,on,unique,medium,light,constrained,medium,10,0,,,,sqlite,7,0
108ef889bcf0,B0012,11,graphql,on,unique,medium,light,constrained,medium,10,0,,,,sqlite,8,0
b5fb76ab2ffc,B0012,11,graphql,on,unique,medium,light,constrained,medium,10,0,,,,sqlite,9,0
a443eb7dd021,B0012,11,graphql,on,unique,medium,light,constrained,medium,10,0,,,,sqlite,10,0
4c8654ea8d6b,B0012,11,graphql,on,unique,medium,light,constrained,medium,10,0,,,,sqlite,11,0
070a49df608b,B0012,11,graphql,on,unique,medium,light,constrained,medium,10,0,,,,sqlite,12,0
24b0b8077e0c,B0012,11,graphql,on,unique,medium,light,constrained,medium,10,0,,,,sqlite,13,0
a426ab94fece,B0012,11,graphql,on,unique,medium,light,constrained,medium,10,0,,,,sqlite,14,0
3b945080b278,B0012,11,graphql,on,unique,medium,light,constrained,medium,10,0,,,,sqlite,15,0
0c9477b5124a,B0012,11,graphql,on,unique,medium,light,constrained,medium,10,0,,,,sqlite,16,0
cdf4275914aa,B0012,11,graphql,on,unique,medium,light,constrained,medium,10,0,,,,sqlite,17,0
cc44c5de3678,B0012,11,graphql,on,unique,medium,light,constrained,medium,10,0,,,,sqlite,18,0
402bd11bd494,B0012,11,graphql,on,unique,medium,light,constrained,medium,10,0,,,,sqlite,19,0
2e47ead7716a,B0012,11,graphql,on,unique,medium,light,constrained,medium,10,0,,,,sqlite,20,0
0d30d8628a78,B0012,11,graphql,on,unique,medium,light,constrained,medium,10,0,,,,sqlite,21,0
9f0bbdec4ff8,B0012,11,graphql,on,unique,medium,light,constrained,medium,10,0,,,,sqlite,22,0
450cf755af58,B0012,11,graphql,on,unique,medium,light,constrained,medium,10,0,,,,sqlite,23,0
aa86d080abe7,B0012,11,graphql,on,unique,medium,light,constrained,medium,10,0,,,,sqlite,24,0
bb86aa6c6669,B0012,11,graphql,on,unique,medium,light,constrained,medium,10,0,,,,sqlite,25,0
b53d1e1d3cbd,B0012,11,graphql,on,unique,medium,light,constrained,medium,10,0,,,,sqlite,26,0
e476e1dddbc1,B0012,11,graphql,on,unique,medium,light,constrained,medium,10,0,,,,sqlite,27,0
50724ab54a88,B0012,11,graphql,on,unique,medium,light,constrained,medium,10,0,,,,sqlite,28,0
785d228a4bde,B0012,11,graphql,on,unique,medium,light,constrained,medium,10,0,,,,sqlite,29,0
7ceae97b278a,B0021,12,graphql,off,zipfian,medium,heavy,constrained,medium,10,0,,,,sqlite,0,1
f6a09bfbc3eb,B0021,12,graphql,off,zipfian,medium,heavy,constrained,medium,10,0,,,,sqlite,0,0
8c872af4b433,B0021,12,graphql,off,zipfian,medium,heavy,constrained,medium,10,0,,,,sqlite,1,0
eb6999e35967,B0021,12,graphql,off,zipfian,medium,heavy,constrained,medium,10,0,,,,sqlite,2,0
4e67c872aba0,B0021,12,graphql,off,zipfian,medium,heavy,constrained,medium,10,0,,,,sqlite,3,0
49a498244536,B0021,12,graphql,off,zipfian,medium,heavy,constrained,medium,10,0,,,,sqlite,4,0
186aac74ca61,B0021,12,graphql,off,zipfian,medium,heavy,constrained,medium,10,0,,,,sqlite,5,0
269d728be337,B0021,12,graphql,off,zipfian,medium,heavy,constrained,medium,10,0,,,,sqlite,6,0
a8d779733dd1,B0021,12,graphql,off,zipfian,medium,heavy,constrained,medium,10,0,,,,sqlite,7,0
47d54dfee3f8,B0021,12,graphql,off,zipfian,medium,heavy,constrained,medium,10,0,,,,sqlite,8,0
addcd025d507,B0021,12,graphql,off,zipfian,medium,heavy,constrained,medium,10,0,,,,sqlite,9,0
3473242eaaf2,B0021,12,graphql,off,zipfian,medium,heavy,constrained,medium,10,0,,,,sqlite,10,0
e0ec59dfd93b,B0021,12,graphql,off,zipfian,medium,heavy,constrained,medium,10,0,,,,sqlite,11,0
c754a9aa32fc,B0021,12,graphql,off,zipfian,medium,heavy,constrained,medium,10,0,,,,sqlite,12,0
72a7911ee851,B0021,12,graphql,off,zipfian,medium,heavy,constrained,medium,10,0,,,,sqlite,13,0
9b0937dbc1bd,B0021,12,graphql,off,zipfian,medium,heavy,constrained,medium,10,0,,,,sqlite,14,0
ad46b9d57168,B0021,12,graphql,off,zipfian,medium,heavy,constrained,medium,10,0,,,,sqlite,15,0
ca4d17d0b61b,B0021,12,graphql,off,zipfian,medium,heavy,constrained,medium,10,0,,,,sqlite,16,0
b3e16f06edd9,B0021,12,graphql,off,zipfian,medium,heavy,constrained,medium,10,0,,,,sqlite,17,0
b684ef197976,B0021,12,graphql,off,zipfian,medium,heavy,constrained,medium,10,0,,,,sqlite,18,0
ccf7845b7aeb,B0021,12,graphql,off,zipfian,medium,heavy,constrained,medium,10,0,,,,sqlite,19,0
2f5fad9f1f2a,B0021,12,graphql,off,zipfian,medium,heavy,constrained,medium,10,0,,,,sqlite,20,0
4de4a889fe19,B0021,12,graphql,off,zipfian,medium,heavy,constrained,medium,10,0,,,,sqlite,21,0
efc1fe799252,B0021,12,graphql,off,zipfian,medium,heavy,constrained,medium,10,0,,,,sqlite,22,0
a3f03029d7af,B0021,12,graphql,off,zipfian,medium,heavy,constrained,medium,10,0,,,,sqlite,23,0
c546da090c71,B0021,12,graphql,off,zipfian,medium,heavy,constrained,medium,10,0,,,,sqlite,24,0
33518e4e1e7d,B0021,12,graphql,off,zipfian,medium,heavy,constrained,medium,10,0,,,,sqlite,25,0
ec97f563b394,B0021,12,graphql,off,zipfian,medium,heavy,constrained,medium,10,0,,,,sqlite,26,0
221f66cf5348,B0021,12,graphql,off,zipfian,medium,heavy,constrained,medium,10,0,,,,sqlite,27,0
6d67e50f45b9,B0021,12,graphql,off,zipfian,medium,heavy,constrained,medium,10,0,,,,sqlite,28,0
a6383c3086e7,B0021,12,graphql,off,zipfian,medium,heavy,constrained,medium,10,0,,,,sqlite,29,0
034b621e16b8,B0006,13,rest,off,unique,medium,light,constrained,medium,10,0,,,,sqlite,0,1
000211685337,B0006,13,rest,off,unique,medium,light,constrained,medium,10,0,,,,sqlite,0,0
0417572116b3,B0006,13,rest,off,unique,medium,light,constrained,medium,10,0,,,,sqlite,1,0
35bd2906a583,B0006,13,rest,off,unique,medium,light,constrained,medium,10,0,,,,sqlite,2,0
46309eba51b1,B0006,13,rest,off,unique,medium,light,constrained,medium,10,0,,,,sqlite,3,0
65621b4bd079,B0006,13,rest,off,unique,medium,light,constrained,medium,10,0,,,,sqlite,4,0
53ae85cf34b5,B0006,13,rest,off,unique,medium,light,constrained,medium,10,0,,,,sqlite,5,0
539db211a6f5,B0006,13,rest,off,unique,medium,light,constrained,medium,10,0,,,,sqlite,6,0
f7271feec117,B0006,13,rest,off,unique,medium,light,constrained,medium,10,0,,,,sqlite,7,0
eb46538dc47b,B0006,13,rest,off,unique,medium,light,constrained,medium,10,0,,,,sqlite,8,0
b1bdee2736f6,B0006,13,rest,off,unique,medium,light,constrained,medium,10,0,,,,sqlite,9,0
e6ed65e00e58,B0006,13,rest,off,unique,medium,light,constrained,medium,10,0,,,,sqlite,10,0
2e679be1205f,B0006,13,rest,off,unique,medium,light,constrained,medium,10,0,,,,sqlite,11,0
2e067320d55c,B0006,13,rest,off,unique,medium,light,constrained,medium,10,0,,,,sqlite,12,0
210539cd66cb,B0006,13,rest,off,unique,medium,light,constrained,medium,10,0,,,,sqlite,13,0
6ee207276bce,B0006,13,rest,off,unique,medium,light,constrained,medium,10,0,,,,sqlite,14,0
5d4d08c54e29,B0006,13,rest,off,unique,medium,light,constrained,medium,10,0,,,,sqlite,15,0
5d04ee0cd0be,B0006,13,rest,off,unique,medium,light,constrained,medium,10,0,,,,sqlite,16,0
242ac95cabf7,B0006,13,rest,off,unique,medium,light,constrained,medium,10,0,,,,sqlite,17,0
63686c6fe27b,B0006,13,rest,off,unique,medium,light,constrained,medium,10,0,,,,sqlite,18,0
0b1aab466ff2,B0006,13,rest,off,unique,medium,light,constrained,medium,10,0,,,,sqlite,19,0
44a04b613187,B0006,13,rest,off,unique,medium,light,constrained,medium,10,0,,,,sqlite,20,0
368e88364900,B0006,13,rest,off,unique,medium,light,constrained,medium,10,0,,,,sqlite,21,0
fb47fd6553d6,B0006,13,rest,off,unique,medium,light,constrained,medium,10,0,,,,sqlite,22,0
9c317d3e7954,B0006,13,rest,off,unique,medium,light,constrained,medium,10,0,,,,sqlite,23,0
c690de171cd3,B0006,13,rest,off,unique,medium,light,constrained,medium,10,0,,,,sqlite,24,0
fd3108f89562,B0006,13,rest,off,unique,medium,light,constrained,medium,10,0,,,,sqlite,25,0
d846f9f7b51d,B0006,13,rest,off,unique,medium,light,constrained,medium,10,0,,,,sqlite,26,0
afa176a7c945,B0006,13,rest,off,unique,medium,light,constrained,medium,10,0,,,,sqlite,27,0
65944c811989,B0006,13,rest,off,unique,medium,light,constrained,medium,10,0,,,,sqlite,28,0
1a2a601ed02b,B0006,13,rest,off,unique,medium,light,constrained,medium,10,0,,,,sqlite,29,0
de0c6239b7b0,B0009,14,rest,off,zipfian,medium,heavy,constrained,medium,10,0,,,,sqlite,0,1
8b0e612030ab,B0009,14,rest,off,zipfian,medium,heavy,constrained,medium,10,0,,,,sqlite,0,0
044d2aa0c6d0,B0009,14,rest,off,zipfian,medium,heavy,constrained,medium,10,0,,,,sqlite,1,0
eb9feadca8e0,B0009,14,rest,off,zipfian,medium,heavy,constrained,medium,10,0,,,,sqlite,2,0
6369301938db,B0009,14,rest,off,zipfian,medium,heavy,constrained,medium,10,0,,,,sqlite,3,0
cfa23f8eb7c7,B0009,14,rest,off,zipfian,medium,heavy,constrained,medium,10,0,,,,sqlite,4,0
186939d3bd97,B0009,14,rest,off,zipfian,medium,heavy,constrained,medium,10,0,,,,sqlite,5,0
f6e989069f4b,B0009,14,rest,off,zipfian,medium,heavy,constrained,medium,10,0,,,,sqlite,6,0
b7441d29dc7f,B0009,14,rest,off,zipfian,medium,heavy,constrained,medium,10,0,,,,sqlite,7,0
d2b41afa6a51,B0009,14,rest,off,zipfian,medium,heavy,constrained,medium,10,0,,,,sqlite,8,0
d8a503627439,B0009,14,rest,off,zipfian,medium,heavy,constrained,medium,10,0,,,,sqlite,9,0
41c53e9f9b00,B0009,14,rest,off,zipfian,medium,heavy,constrained,medium,10,0,,,,sqlite,10,0
ba6ccdc5cef4,B0009,14,rest,off,zipfian,medium,heavy,constrained,medium,10,0,,,,sqlite,11,0
7bb325554344,B0009,14,rest,off,zipfian,medium,heavy,constrained,medium,10,0,,,,sqlite,12,0
449b8343dda5,B0009,14,rest,off,zipfian,medium,heavy,constrained,medium,10,0,,,,sqlite,13,0
4aad1a68b795,B0009,14,rest,off,zipfian,medium,heavy,constrained,medium,10,0,,,,sqlite,14,0
714b39bf3935,B0009,14,rest,off,zipfian,medium,heavy,constrained,medium,10,0,,,,sqlite,15,0
5678a14aff10,B0009,14,rest,off,zipfian,medium,heavy,constrained,medium,10,0,,,,sqlite,16,0
6006d12d6013,B0009,14,rest,off,zipfian,medium,heavy,constrained,medium,10,0,,,,sqlite,17,0
958abbe82045,B0009,14,rest,off,zipfian,medium,heavy,constrained,medium,10,0,,,,sqlite,18,0
71115a921414,B0009,14,rest,off,zipfian,medium,heavy,constrained,medium,10,0,,,,sqlite,19,0
815ec0385b53,B0009,14,rest,off,zipfian,medium,heavy,constrained,medium,10,0,,,,sqlite,20,0
6c5c9556ab61,B0009,14,rest,off,zipfian,medium,heavy,constrained,medium,10,0,,,,sqlite,21,0
29917a10e970,B0009,14,rest,off,zipfian,medium,heavy,constrained,medium,10,0,,,,sqlite,22,0
6afbf3fb65b1,B0009,14,rest,off,zipfian,medium,heavy,constrained,medium,10,0,,,,sqlite,23,0
0e1117c04485,B0009,14,rest,off,zipfian,medium,heavy,constrained,medium,10,0,,,,sqlite,24,0
9da411384297,B0009,14,rest,off,zipfian,medium,heavy,constrained,medium,10,0,,,,sqlite,25,0
3b023e191610,B0009,14,rest,off,zipfian,medium,heavy,constrained,medium,10,0,,,,sqlite,26,0
6e5423033dfa,B0009,14,rest,off,zipfian,medium,heavy,constrained,medium,10,0,,,,sqlite,27,0
3e2c3c03753e,B0009,14,rest,off,zipfian,medium,heavy,constrained,medium,10,0,,,,sqlite,28,0
85a5ff9328b4,B0009,14,rest,off,zipfian,medium,heavy,constrained,medium,10,0,,,,sqlite,29,0
e84509596088,B0002,15,rest,on,zipfian,medium,light,constrained,medium,10,0,,,,sqlite,0,1
ba5ba46acf04,B0002,15,rest,on,zipfian,medium,light,constrained,medium,10,0,,,,sqlite,0,0
0254b7f9ae37,B0002,15,rest,on,zipfian,medium,light,constrained,medium,10,0,,,,sqlite,1,0
a8417ff56cb8,B0002,15,rest,on,zipfian,medium,light,constrained,medium,10,0,,,,sqlite,2,0
60ab47aca6ce,B0002,15,rest,on,zipfian,medium,light,constrained,medium,10,0,,,,sqlite,3,0
516622396d72,B0002,15,rest,on,zipfian,medium,light,constrained,medium,10,0,,,,sqlite,4,0
7308f9d470ce,B0002,15,rest,on,zipfian,medium,light,constrained,medium,10,0,,,,sqlite,5,0
1b1e94457aca,B0002,15,rest,on,zipfian,medium,light,constrained,medium,10,0,,,,sqlite,6,0
1878f073b546,B0002,15,rest,on,zipfian,medium,light,constrained,medium,10,0,,,,sqlite,7,0
7e3b4f516726,B0002,15,rest,on,zipfian,medium,light,constrained,medium,10,0,,,,sqlite,8,0
043ce1f0418b,B0002,15,rest,on,zipfian,medium,light,constrained,medium,10,0,,,,sqlite,9,0
2a28cab7c4ae,B0002,15,rest,on,zipfian,medium,light,constrained,medium,10,0,,,,sqlite,10,0
dcd1ff5aeb95,B0002,15,rest,on,zipfian,medium,light,constrained,medium,10,0,,,,sqlite,11,0
7bec4d3738f1,B0002,15,rest,on,zipfian,medium,light,constrained,medium,10,0,,,,sqlite,12,0
47c2b380f161,B0002,15,rest,on,zipfian,medium,light,constrained,medium,10,0,,,,sqlite,13,0
eccab92a1aae,B0002,15,rest,on,zipfian,medium,light,constrained,medium,10,0,,,,sqlite,14,0
7429d5ffeb9c,B0002,15,rest,on,zipfian,medium,light,constrained,medium,10,0,,,,sqlite,15,0
e65658933e34,B0002,15,rest,on,zipfian,medium,light,constrained,medium,10,0,,,,sqlite,16,0
df9b1f056621,B0002,15,rest,on,zipfian,medium,light,constrained,medium,10,0,,,,sqlite,17,0
018b15397bab,B0002,15,rest,on,zipfian,medium,light,constrained,medium,10,0,,,,sqlite,18,0
a19cec2c9531,B0002,15,rest,on,zipfian,medium,light,constrained,medium,10,0,,,,sqlite,19,0
407863ccc494,B0002,15,rest,on,zipfian,medium,light,constrained,medium,10,0,,,,sqlite,20,0
131bbb7226a4,B0002,15,rest,on,zipfian,medium,light,constrained,medium,10,0,,,,sqlite,21,0
052e9cebe242,B0002,15,rest,on,zipfian,medium,light,constrained,medium,10,0,,,,sqlite,22,0
10701134aa5d,B0002,15,rest,on,zipfian,medium,light,constrained,medium,10,0,,,,sqlite,23,0
b92475ba430f,B0002,15,rest,on,zipfian,medium,light,constrained,medium,10,0,,,,sqlite,24,0
3334f27b091c,B0002,15,rest,on,zipfian,medium,light,constrained,medium,10,0,,,,sqlite,25,0
291d5496de26,B0002,15,rest,on,zipfian,medium,light,constrained,medium,10,0,,,,sqlite,26,0
692ea674e719,B0002,15,rest,on,zipfian,medium,light,constrained,medium,10,0,,,,sqlite,27,0
b7a1a8ce75e5,B0002,15,rest,on,zipfian,medium,light,constrained,medium,10,0,,,,sqlite,28,0
9fc2d8dd6c2f,B0002,15,rest,on,zipfian,medium,light,constrained,medium,10,0,,,,sqlite,29,0
b9dea2e777d4,B0022,16,graphql,off,uniform,medium,light,constrained,medium,10,0,,,,sqlite,0,1
15b566fb7c4d,B0022,16,graphql,off,uniform,medium,light,constrained,medium,10,0,,,,sqlite,0,0
ce6b9e0b5e63,B0022,16,graphql,off,uniform,medium,light,constrained,medium,10,0,,,,sqlite,1,0
c53224fa9409,B0022,16,graphql,off,uniform,medium,light,constrained,medium,10,0,,,,sqlite,2,0
03ed4c9f1d68,B0022,16,graphql,off,uniform,medium,light,constrained,medium,10,0,,,,sqlite,3,0
bd80a602aad8,B0022,16,graphql,off,uniform,medium,light,constrained,medium,10,0,,,,sqlite,4,0
c4534ea8ed9b,B0022,16,graphql,off,uniform,medium,light,constrained,medium,10,0,,,,sqlite,5,0
19c3432479c5,B0022,16,graphql,off,uniform,medium,light,constrained,medium,10,0,,,,sqlite,6,0
d8a62c6e6b2c,B0022,16,graphql,off,uniform,medium,light,constrained,medium,10,0,,,,sqlite,7,0
a1124a8e581b,B0022,16,graphql,off,uniform,medium,light,constrained,medium,10,0,,,,sqlite,8,0
6c5637e513b0,B0022,16,graphql,off,uniform,medium,light,constrained,medium,10,0,,,,sqlite,9,0
937f6cd8a9f6,B0022,16,graphql,off,uniform,medium,light,constrained,medium,10,0,,,,sqlite,10,0
b2488177e8be,B0022,16,graphql,off,uniform,medium,light,constrained,medium,10,0,,,,sqlite,11,0
d5d15f3fd25b,B0022,16,graphql,off,uniform,medium,light,constrained,medium,10,0,,,,sqlite,12,0
92f00c5f0ff4,B0022,16,graphql,off,uniform,medium,light,constrained,medium,10,0,,,,sqlite,13,0
517dfce967ed,B0022,16,graphql,off,uniform,medium,light,constrained,medium,10,0,,,,sqlite,14,0
52e76aebe4fb,B0022,16,graphql,off,uniform,medium,light,constrained,medium,10,0,,,,sqlite,15,0
cc8973866579,B0022,16,graphql,off,uniform,medium,light,constrained,medium,10,0,,,,sqlite,16,0
5b047ed6fdb1,B0022,16,graphql,off,uniform,medium,light,constrained,medium,10,0,,,,sqlite,17,0
f93308720189,B0022,16,graphql,off,uniform,medium,light,constrained,medium,10,0,,,,sqlite,18,0
00d0ad5e57f5,B0022,16,graphql,off,uniform,medium,light,constrained,medium,10,0,,,,sqlite,19,0
d69b199172b2,B0022,16,graphql,off,uniform,medium,light,constrained,medium,10,0,,,,sqlite,20,0
c1330c245edb,B0022,16,graphql,off,uniform,medium,light,constrained,medium,10,0,,,,sqlite,21,0
c75de602b8c9,B0022,16,graphql,off,uniform,medium,light,constrained,medium,10,0,,,,sqlite,22,0
5daf1c28b850,B0022,16,graphql,off,uniform,medium,light,constrained,medium,10,0,,,,sqlite,23,0
e87d84588fd3,B0022,16,graphql,off,uniform,medium,light,constrained,medium,10,0,,,,sqlite,24,0
cc3718c417b7,B0022,16,graphql,off,uniform,medium,light,constrained,medium,10,0,,,,sqlite,25,0
da4a832ab3b7,B0022,16,graphql,off,uniform,medium,light,constrained,medium,10,0,,,,sqlite,26,0
598c404670c0,B0022,16,graphql,off,uniform,medium,light,constrained,medium,10,0,,,,sqlite,27,0
8cd6bc0ba254,B0022,16,graphql,off,uniform,medium,light,constrained,medium,10,0,,,,sqlite,28,0
186bffdf580d,B0022,16,graphql,off,uniform,medium,light,constrained,medium,10,0,,,,sqlite,29,0
e69e9927ded0,B0004,17,rest,on,uniform,medium,light,constrained,medium,10,0,,,,sqlite,0,1
fb5621ed7935,B0004,17,rest,on,uniform,medium,light,constrained,medium,10,0,,,,sqlite,0,0
9a9c568fb625,B0004,17,rest,on,uniform,medium,light,constrained,medium,10,0,,,,sqlite,1,0
de76eb0165bc,B0004,17,rest,on,uniform,medium,light,constrained,medium,10,0,,,,sqlite,2,0
1857152e12dc,B0004,17,rest,on,uniform,medium,light,constrained,medium,10,0,,,,sqlite,3,0
a254c45e12e6,B0004,17,rest,on,uniform,medium,light,constrained,medium,10,0,,,,sqlite,4,0
7791f9df153e,B0004,17,rest,on,uniform,medium,light,constrained,medium,10,0,,,,sqlite,5,0
b136c7935421,B0004,17,rest,on,uniform,medium,light,constrained,medium,10,0,,,,sqlite,6,0
aee6a2815dbe,B0004,17,rest,on,uniform,medium,light,constrained,medium,10,0,,,,sqlite,7,0
cf75073b475c,B0004,17,rest,on,uniform,medium,light,constrained,medium,10,0,,,,sqlite,8,0
eb76cc6c1d83,B0004,17,rest,on,uniform,medium,light,constrained,medium,10,0,,,,sqlite,9,0
aa3297e30274,B0004,17,rest,on,uniform,medium,light,constrained,medium,10,0,,,,sqlite,10,0
a5cda8f3d631,B0004,17,rest,on,uniform,medium,light,constrained,medium,10,0,,,,sqlite,11,0
9f7fc904a7f0,B0004,17,rest,on,uniform,medium,light,constrained,medium,10,0,,,,sqlite,12,0
6e16288847f9,B0004,17,rest,on,uniform,medium,light,constrained,medium,10,0,,,,sqlite,13,0
580994baf0a3,B0004,17,rest,on,uniform,medium,light,constrained,medium,10,0,,,,sqlite,14,0
446a30495db7,B0004,17,rest,on,uniform,medium,light,constrained,medium,10,0,,,,sqlite,15,0
b959323eaca2,B0004,17,rest,on,uniform,medium,light,constrained,medium,10,0,,,,sqlite,16,0
528bab47b298,B0004,17,rest,on,uniform,medium,light,constrained,medium,10,0,,,,sqlite,17,0
4d6146036081,B0004,17,rest,on,uniform,medium,light,constrained,medium,10,0,,,,sqlite,18,0
67a9935ca795,B0004,17,rest,on,uniform,medium,light,constrained,medium,10,0,,,,sqlite,19,0
bd24ebfc981f,B0004,17,rest,on,uniform,medium,light,constrained,medium,10,0,,,,sqlite,20,0
2139bc52508b,B0004,17,rest,on,uniform,medium,light,constrained,medium,10,0,,,,sqlite,21,0
b042e3bda0d7,B0004,17,rest,on,uniform,medium,light,constrained,medium,10,0,,,,sqlite,22,0
9d6bdb05b81c,B0004,17,rest,on,uniform,medium,light,constrained,medium,10,0,,,,sqlite,23,0
841be6fee1f8,B0004,17,rest,on,uniform,medium,light,constrained,medium,10,0,,,,sqlite,24,0
ae70bb76599b,B0004,17,rest,on,uniform,medium,light,constrained,medium,10,0,,,,sqlite,25,0
65d9307e2f1b,B0004,17,rest,on,uniform,medium,light,constrained,medium,10,0,,,,sqlite,26,0
cb7c8922932a,B0004,17,rest,on,uniform,medium,light,constrained,medium,10,0,,,,sqlite,27,0
7ba7c6ff6f37,B0004,17,rest,on,uniform,medium,light,constrained,medium,10,0,,,,sqlite,28,0
208ad64f58f0,B0004,17,rest,on,uniform,medium,light,constrained,medium,10,0,,,,sqlite,29,0
66700d73cc15,B0019,18,graphql,off,unique,medium,heavy,constrained,medium,10,0,,,,sqlite,0,1
151290c4cc57,B0019,18,graphql,off,unique,medium,heavy,constrained,medium,10,0,,,,sqlite,0,0
3490791213aa,B0019,18,graphql,off,unique,medium,heavy,constrained,medium,10,0,,,,sqlite,1,0
2a6f3286869c,B0019,18,graphql,off,unique,medium,heavy,constrained,medium,10,0,,,,sqlite,2,0
c40c47dc749e,B0019,18,graphql,off,unique,medium,heavy,constrained,medium,10,0,,,,sqlite,3,0
00bd3fae165a,B0019,18,graphql,off,unique,medium,heavy,constrained,medium,10,0,,,,sqlite,4,0
062ca7a51d86,B0019,18,graphql,off,unique,medium,heavy,constrained,medium,10,0,,,,sqlite,5,0
bd5b15f036e4,B0019,18,graphql,off,unique,medium,heavy,constrained,medium,10,0,,,,sqlite,6,0
37ea9bd6b4ae,B0019,18,graphql,off,unique,medium,heavy,constrained,medium,10,0,,,,sqlite,7,0
9348b06cd406,B0019,18,graphql,off,unique,medium,heavy,constrained,medium,10,0,,,,sqlite,8,0
e4a3ecac68d7,B0019,18,graphql,off,unique,medium,heavy,constrained,medium,10,0,,,,sqlite,9,0
b3b87d41ac6b,B0019,18,graphql,off,unique,medium,heavy,constrained,medium,10,0,,,,sqlite,10,0
866e47980d01,B0019,18,graphql,off,unique,medium,heavy,constrained,medium,10,0,,,,sqlite,11,0
9c7016dcc4ed,B0019,18,graphql,off,unique,medium,heavy,constrained,medium,10,0,,,,sqlite,12,0
f22113e4d4d3,B0019,18,graphql,off,unique,medium,heavy,constrained,medium,10,0,,,,sqlite,13,0
9a2f6a687127,B0019,18,graphql,off,unique,medium,heavy,constrained,medium,10,0,,,,sqlite,14,0
6ea4c712503c,B0019,18,graphql,off,unique,medium,heavy,constrained,medium,10,0,,,,sqlite,15,0
46535de644ea,B0019,18,graphql,off,unique,medium,heavy,constrained,medium,10,0,,,,sqlite,16,0
3aa72a0b4b81,B0019,18,graphql,off,unique,medium,heavy,constrained,medium,10,0,,,,sqlite,17,0
98363540a3e1,B0019,18,graphql,off,unique,medium,heavy,constrained,medium,10,0,,,,sqlite,18,0
7e42e33d0097,B0019,18,graphql,off,unique,medium,heavy,constrained,medium,10,0,,,,sqlite,19,0
214d5d60163a,B0019,18,graphql,off,unique,medium,heavy,constrained,medium,10,0,,,,sqlite,20,0
facbf566319b,B0019,18,graphql,off,unique,medium,heavy,constrained,medium,10,0,,,,sqlite,21,0
20172520776b,B0019,18,graphql,off,unique,medium,heavy,constrained,medium,10,0,,,,sqlite,22,0
148b32d27b05,B0019,18,graphql,off,unique,medium,heavy,constrained,medium,10,0,,,,sqlite,23,0
35b56950c94f,B0019,18,graphql,off,unique,medium,heavy,constrained,medium,10,0,,,,sqlite,24,0
a7d6a7396363,B0019,18,graphql,off,unique,medium,heavy,constrained,medium,10,0,,,,sqlite,25,0
45e7b6ee7e9c,B0019,18,graphql,off,unique,medium,heavy,constrained,medium,10,0,,,,sqlite,26,0
e819ac0ebba8,B0019,18,graphql,off,unique,medium,heavy,constrained,medium,10,0,,,,sqlite,27,0
9a9be0da2f0c,B0019,18,graphql,off,unique,medium,heavy,constrained,medium,10,0,,,,sqlite,28,0
9f88eb652d22,B0019,18,graphql,off,unique,medium,heavy,constrained,medium,10,0,,,,sqlite,29,0
43f0eae28de7,B0007,19,rest,off,unique,medium,heavy,constrained,medium,10,0,,,,sqlite,0,1
56537dc09a29,B0007,19,rest,off,unique,medium,heavy,constrained,medium,10,0,,,,sqlite,0,0
62b77c802193,B0007,19,rest,off,unique,medium,heavy,constrained,medium,10,0,,,,sqlite,1,0
3cd6224e59f6,B0007,19,rest,off,unique,medium,heavy,constrained,medium,10,0,,,,sqlite,2,0
03f310b4a79e,B0007,19,rest,off,unique,medium,heavy,constrained,medium,10,0,,,,sqlite,3,0
195390fe66d3,B0007,19,rest,off,unique,medium,heavy,constrained,medium,10,0,,,,sqlite,4,0
71e257d33e15,B0007,19,rest,off,unique,medium,heavy,constrained,medium,10,0,,,,sqlite,5,0
40864a33728e,B0007,19,rest,off,unique,medium,heavy,constrained,medium,10,0,,,,sqlite,6,0
86195a63b83d,B0007,19,rest,off,unique,medium,heavy,constrained,medium,10,0,,,,sqlite,7,0
42ef991306c7,B0007,19,rest,off,unique,medium,heavy,constrained,medium,10,0,,,,sqlite,8,0
63e7068006f3,B0007,19,rest,off,unique,medium,heavy,constrained,medium,10,0,,,,sqlite,9,0
318ae0d9cb59,B0007,19,rest,off,unique,medium,heavy,constrained,medium,10,0,,,,sqlite,10,0
5bbe1d67071e,B0007,19,rest,off,unique,medium,heavy,constrained,medium,10,0,,,,sqlite,11,0
30d03f14906c,B0007,19,rest,off,unique,medium,heavy,constrained,medium,10,0,,,,sqlite,12,0
8ece51e653f0,B0007,19,rest,off,unique,medium,heavy,constrained,medium,10,0,,,,sqlite,13,0
5c913ee80d52,B0007,19,rest,off,unique,medium,heavy,constrained,medium,10,0,,,,sqlite,14,0
c45203d268ab,B0007,19,rest,off,unique,medium,heavy,constrained,medium,10,0,,,,sqlite,15,0
177fa3f18818,B0007,19,rest,off,unique,medium,heavy,constrained,medium,10,0,,,,sqlite,16,0
de9d0e515979,B0007,19,rest,off,unique,medium,heavy,constrained,medium,10,0,,,,sqlite,17,0
2fe9aae5405c,B0007,19,rest,off,unique,medium,heavy,constrained,medium,10,0,,,,sqlite,18,0
9c81f97fa676,B0007,19,rest,off,unique,medium,heavy,constrained,medium,10,0,,,,sqlite,19,0
cef3687f2e21,B0007,19,rest,off,unique,medium,heavy,constrained,medium,10,0,,,,sqlite,20,0
e95e1a84c16e,B0007,19,rest,off,unique,medium,heavy,constrained,medium,10,0,,,,sqlite,21,0
49a8feb4afe3,B0007,19,rest,off,unique,medium,heavy,constrained,medium,10,0,,,,sqlite,22,0
40072b752d1d,B0007,19,rest,off,unique,medium,heavy,constrained,medium,10,0,,,,sqlite,23,0
a49f92b09f68,B0007,19,rest,off,unique,medium,heavy,constrained,medium,10,0,,,,sqlite,24,0
332260c5c623,B0007,19,rest,off,unique,medium,heavy,constrained,medium,10,0,,,,sqlite,25,0
d0530de95039,B0007,19,rest,off,unique,medium,heavy,constrained,medium,10,0,,,,sqlite,26,0
ed5c01d25a76,B0007,19,rest,off,unique,medium,heavy,constrained,medium,10,0,,,,sqlite,27,0
e15038ca7826,B0007,19,rest,off,unique,medium,heavy,constrained,medium,10,0,,,,sqlite,28,0
f1c74d2f3781,B0007,19,rest,off,unique,medium,heavy,constrained,medium,10,0,,,,sqlite,29,0
edff732197e3,B0008,20,rest,off,zipfian,medium,light,constrained,medium,10,0,,,,sqlite,0,1
d07c9804e0d2,B0008,20,rest,off,zipfian,medium,light,constrained,medium,10,0,,,,sqlite,0,0
dfc748ac58b2,B0008,20,rest,off,zipfian,medium,light,constrained,medium,10,0,,,,sqlite,1,0
f454bd81fb1d,B0008,20,rest,off,zipfian,medium,light,constrained,medium,10,0,,,,sqlite,2,0
576c56d1acfc,B0008,20,rest,off,zipfian,medium,light,constrained,medium,10,0,,,,sqlite,3,0
048eca4b38a7,B0008,20,rest,off,zipfian,medium,light,constrained,medium,10,0,,,,sqlite,4,0
eb0ca4e7ecb9,B0008,20,rest,off,zipfian,medium,light,constrained,medium,10,0,,,,sqlite,5,0
909849f5829f,B0008,20,rest,off,zipfian,medium,light,constrained,medium,10,0,,,,sqlite,6,0
2efe01acacc3,B0008,20,rest,off,zipfian,medium,light,constrained,medium,10,0,,,,sqlite,7,0
2e02b2c30b26,B0008,20,rest,off,zipfian,medium,light,constrained,medium,10,0,,,,sqlite,8,0
e6458bf11b79,B0008,20,rest,off,zipfian,medium,light,constrained,medium,10,0,,,,sqlite,9,0
fb0bebd33b86,B0008,20,rest,off,zipfian,medium,light,constrained,medium,10,0,,,,sqlite,10,0
8a3a327f4187,B0008,20,rest,off,zipfian,medium,light,constrained,medium,10,0,,,,sqlite,11,0
ad58356877cb,B0008,20,rest,off,zipfian,medium,light,constrained,medium,10,0,,,,sqlite,12,0
35f2ed8c7bfd,B0008,20,rest,off,zipfian,medium,light,constrained,medium,10,0,,,,sqlite,13,0
33f8740ee01c,B0008,20,rest,off,zipfian,medium,light,constrained,medium,10,0,,,,sqlite,14,0
56e89c56a88f,B0008,20,rest,off,zipfian,medium,light,constrained,medium,10,0,,,,sqlite,15,0
dea75cc1a8ea,B0008,20,rest,off,zipfian,medium,light,constrained,medium,10,0,,,,sqlite,16,0
ee601503f497,B0008,20,rest,off,zipfian,medium,light,constrained,medium,10,0,,,,sqlite,17,0
118ef20d9b74,B0008,20,rest,off,zipfian,medium,light,constrained,medium,10,0,,,,sqlite,18,0
0cd1efd1c914,B0008,20,rest,off,zipfian,medium,light,constrained,medium,10,0,,,,sqlite,19,0
6f99566dacba,B0008,20,rest,off,zipfian,medium,light,constrained,medium,10,0,,,,sqlite,20,0
6cfc90a02002,B0008,20,rest,off,zipfian,medium,light,constrained,medium,10,0,,,,sqlite,21,0
3c5f13ecf4d5,B0008,20,rest,off,zipfian,medium,light,constrained,medium,10,0,,,,sqlite,22,0
142c8c007ad4,B0008,20,rest,off,zipfian,medium,light,constrained,medium,10,0,,,,sqlite,23,0
27384837bfed,B0008,20,rest,off,zipfian,medium,light,constrained,medium,10,0,,,,sqlite,24,0
4b588876020e,B0008,20,rest,off,zipfian,medium,light,constrained,medium,10,0,,,,sqlite,25,0
17e9625ab847,B0008,20,rest,off,zipfian,medium,light,constrained,medium,10,0,,,,sqlite,26,0
feb9af2072ec,B0008,20,rest,off,zipfian,medium,light,constrained,medium,10,0,,,,sqlite,27,0
d306296e8b53,B0008,20,rest,off,zipfian,medium,light,constrained,medium,10,0,,,,sqlite,28,0
a7d4ccb1837f,B0008,20,rest,off,zipfian,medium,light,constrained,medium,10,0,,,,sqlite,29,0
67c5ee8dfd37,B0000,21,rest,on,unique,medium,light,constrained,medium,10,0,,,,sqlite,0,1
949e1e5f4008,B0000,21,rest,on,unique,medium,light,constrained,medium,10,0,,,,sqlite,0,0
d959940cecae,B0000,21,rest,on,unique,medium,light,constrained,medium,10,0,,,,sqlite,1,0
ac437ae301fc,B0000,21,rest,on,unique,medium,light,constrained,medium,10,0,,,,sqlite,2,0
60cf0bce5bb3,B0000,21,rest,on,unique,medium,light,constrained,medium,10,0,,,,sqlite,3,0
a5ffca06d20f,B0000,21,rest,on,unique,medium,light,constrained,medium,10,0,,,,sqlite,4,0
de7860b5edcf,B0000,21,rest,on,unique,medium,light,constrained,medium,10,0,,,,sqlite,5,0
7c92a7638646,B0000,21,rest,on,unique,medium,light,constrained,medium,10,0,,,,sqlite,6,0
e170daff028d,B0000,21,rest,on,unique,medium,light,constrained,medium,10,0,,,,sqlite,7,0
f48f0c9d7aa3,B0000,21,rest,on,unique,medium,light,constrained,medium,10,0,,,,sqlite,8,0
100fa4666d02,B0000,21,rest,on,unique,medium,light,constrained,medium,10,0,,,,sqlite,9,0
cde21f20a362,B0000,21,rest,on,unique,medium,light,constrained,medium,10,0,,,,sqlite,10,0
6b574aa60055,B0000,21,rest,on,unique,medium,light,constrained,medium,10,0,,,,sqlite,11,0
acad590f769c,B0000,21,rest,on,unique,medium,light,constrained,medium,10,0,,,,sqlite,12,0
30e94a2d2262,B0000,21,rest,on,unique,medium,light,constrained,medium,10,0,,,,sqlite,13,0
5f72ff68f8bb,B0000,21,rest,on,unique,medium,light,constrained,medium,10,0,,,,sqlite,14,0
8eabaf6c46b4,B0000,21,rest,on,unique,medium,light,constrained,medium,10,0,,,,sqlite,15,0
76304b6a599b,B0000,21,rest,on,unique,medium,light,constrained,medium,10,0,,,,sqlite,16,0
5e72f188690c,B0000,21,rest,on,unique,medium,light,constrained,medium,10,0,,,,sqlite,17,0
9a7846add89c,B0000,21,rest,on,unique,medium,light,constrained,medium,10,0,,,,sqlite,18,0
c672bbb7b1ec,B0000,21,rest,on,unique,medium,light,constrained,medium,10,0,,,,sqlite,19,0
689e318df043,B0000,21,rest,on,unique,medium,light,constrained,medium,10,0,,,,sqlite,20,0
201b4553cc45,B0000,21,rest,on,unique,medium,light,constrained,medium,10,0,,,,sqlite,21,0
cdb05d3ab06e,B0000,21,rest,on,unique,medium,light,constrained,medium,10,0,,,,sqlite,22,0
8afa2b9fc775,B0000,21,rest,on,unique,medium,light,constrained,medium,10,0,,,,sqlite,23,0
afd070a8373c,B0000,21,rest,on,unique,medium,light,constrained,medium,10,0,,,,sqlite,24,0
65909da843db,B0000,21,rest,on,unique,medium,light,constrained,medium,10,0,,,,sqlite,25,0
28ed5b054344,B0000,21,rest,on,unique,medium,light,constrained,medium,10,0,,,,sqlite,26,0
73cf41ed0bd3,B0000,21,rest,on,unique,medium,light,constrained,medium,10,0,,,,sqlite,27,0
5c09f4cec7dd,B0000,21,rest,on,unique,medium,light,constrained,medium,10,0,,,,sqlite,28,0
20bcdf0a7a72,B0000,21,rest,on,unique,medium,light,constrained,medium,10,0,,,,sqlite,29,0
a616e33e4230,B0003,22,rest,on,zipfian,medium,heavy,constrained,medium,10,0,,,,sqlite,0,1
efa8612c0638,B0003,22,rest,on,zipfian,medium,heavy,constrained,medium,10,0,,,,sqlite,0,0
89516e2f96f8,B0003,22,rest,on,zipfian,medium,heavy,constrained,medium,10,0,,,,sqlite,1,0
8e4474fa2f96,B0003,22,rest,on,zipfian,medium,heavy,constrained,medium,10,0,,,,sqlite,2,0
d59148e916ea,B0003,22,rest,on,zipfian,medium,heavy,constrained,medium,10,0,,,,sqlite,3,0
3ce58eea37e3,B0003,22,rest,on,zipfian,medium,heavy,constrained,medium,10,0,,,,sqlite,4,0
9d600621cb2e,B0003,22,rest,on,zipfian,medium,heavy,constrained,medium,10,0,,,,sqlite,5,0
4e298561407e,B0003,22,rest,on,zipfian,medium,heavy,constrained,medium,10,0,,,,sqlite,6,0
040f37e15e50,B0003,22,rest,on,zipfian,medium,heavy,constrained,medium,10,0,,,,sqlite,7,0
d72eeb1b9591,B0003,22,rest,on,zipfian,medium,heavy,constrained,medium,10,0,,,,sqlite,8,0
6a99e7431ad9,B0003,22,rest,on,zipfian,medium,heavy,constrained,medium,10,0,,,,sqlite,9,0
f8a05eea6129,B0003,22,rest,on,zipfian,medium,heavy,constrained,medium,10,0,,,,sqlite,10,0
244cd73f4b4a,B0003,22,rest,on,zipfian,medium,heavy,constrained,medium,10,0,,,,sqlite,11,0
786c33fbc6f8,B0003,22,rest,on,zipfian,medium,heavy,constrained,medium,10,0,,,,sqlite,12,0
2b170b6d8d23,B0003,22,rest,on,zipfian,medium,heavy,constrained,medium,10,0,,,,sqlite,13,0
6f526550db38,B0003,22,rest,on,zipfian,medium,heavy,constrained,medium,10,0,,,,sqlite,14,0
8dc73b8483bb,B0003,22,rest,on,zipfian,medium,heavy,constrained,medium,10,0,,,,sqlite,15,0
7fafa3d21204,B0003,22,rest,on,zipfian,medium,heavy,constrained,medium,10,0,,,,sqlite,16,0
e59f13a0368a,B0003,22,rest,on,zipfian,medium,heavy,constrained,medium,10,0,,,,sqlite,17,0
ca486cb18a41,B0003,22,rest,on,zipfian,medium,heavy,constrained,medium,10,0,,,,sqlite,18,0
9bbf1fbd636b,B0003,22,rest,on,zipfian,medium,heavy,constrained,medium,10,0,,,,sqlite,19,0
b4da8fbd8ee5,B0003,22,rest,on,zipfian,medium,heavy,constrained,medium,10,0,,,,sqlite,20,0
557e5e19506e,B0003,22,rest,on,zipfian,medium,heavy,constrained,medium,10,0,,,,sqlite,21,0
08b85846c189,B0003,22,rest,on,zipfian,medium,heavy,constrained,medium,10,0,,,,sqlite,22,0
f8dede6b7617,B0003,22,rest,on,zipfian,medium,heavy,constrained,medium,10,0,,,,sqlite,23,0
1cf64ed6bc3b,B0003,22,rest,on,zipfian,medium,heavy,constrained,medium,10,0,,,,sqlite,24,0
b544cbf7e0f1,B0003,22,rest,on,zipfian,medium,heavy,constrained,medium,10,0,,,,sqlite,25,0
daf6f5d9109a,B0003,22,rest,on,zipfian,medium,heavy,constrained,medium,10,0,,,,sqlite,26,0
4ca5e45e8e6d,B0003,22,rest,on,zipfian,medium,heavy,constrained,medium,10,0,,,,sqlite,27,0
9dad8026d817,B0003,22,rest,on,zipfian,medium,heavy,constrained,medium,10,0,,,,sqlite,28,0
0e4a14f04ee1,B0003,22,rest,on,zipfian,medium,heavy,constrained,medium,10,0,,,,sqlite,29,0
70b89587681a,B0020,23,graphql,off,zipfian,medium,light,constrained,medium,10,0,,,,sqlite,0,1
93594ed316f2,B0020,23,graphql,off,zipfian,medium,light,constrained,medium,10,0,,,,sqlite,0,0
8624233e9840,B0020,23,graphql,off,zipfian,medium,light,constrained,medium,10,0,,,,sqlite,1,0
44fcb1f16542,B0020,23,graphql,off,zipfian,medium,light,constrained,medium,10,0,,,,sqlite,2,0
f56b3232db55,B0020,23,graphql,off,zipfian,medium,light,constrained,medium,10,0,,,,sqlite,3,0
d783ff64b7e8,B0020,23,graphql,off,zipfian,medium,light,constrained,medium,10,0,,,,sqlite,4,0
2b1d946d928d,B0020,23,graphql,off,zipfian,medium,light,constrained,medium,10,0,,,,sqlite,5,0
d7a6f9610e88,B0020,23,graphql,off,zipfian,medium,light,constrained,medium,10,0,,,,sqlite,6,0
5ddd95efa0a2,B0020,23,graphql,off,zipfian,medium,light,constrained,medium,10,0,,,,sqlite,7,0
c3125346f4d5,B0020,23,graphql,off,zipfian,medium,light,constrained,medium,10,0,,,,sqlite,8,0
f56b9bde898f,B0020,23,graphql,off,zipfian,medium,light,constrained,medium,10,0,,,,sqlite,9,0
156f2ff36b4a,B0020,23,graphql,off,zipfian,medium,light,constrained,medium,10,0,,,,sqlite,10,0
ce91d664be14,B0020,23,graphql,off,zipfian,medium,light,constrained,medium,10,0,,,,sqlite,11,0
fd478e78cf54,B0020,23,graphql,off,zipfian,medium,light,constrained,medium,10,0,,,,sqlite,12,0
a4c24403c216,B0020,23,graphql,off,zipfian,medium,light,constrained,medium,10,0,,,,sqlite,13,0
f8c90add9096,B0020,23,graphql,off,zipfian,medium,light,constrained,medium,10,0,,,,sqlite,14,0
9e660d69af0c,B0020,23,graphql,off,zipfian,medium,light,constrained,medium,10,0,,,,sqlite,15,0
dad4a11e0245,B0020,23,graphql,off,zipfian,medium,light,constrained,medium,10,0,,,,sqlite,16,0
5b72ed643a6f,B0020,23,graphql,off,zipfian,medium,light,constrained,medium,10,0,,,,sqlite,17,0
df2f3e0ed339,B0020,23,graphql,off,zipfian,medium,light,constrained,medium,10,0,,,,sqlite,18,0
d7221da1dd97,B0020,23,graphql,off,zipfian,medium,light,constrained,medium,10,0,,,,sqlite,19,0
46b719a10370,B0020,23,graphql,off,zipfian,medium,light,constrained,medium,10,0,,,,sqlite,20,0
2f04849af4b8,B0020,23,graphql,off,zipfian,medium,light,constrained,medium,10,0,,,,sqlite,21,0
3d0ee8152c7b,B0020,23,graphql,off,zipfian,medium,light,constrained,medium,10,0,,,,sqlite,22,0
c98143d6e4fe,B0020,23,graphql,off,zipfian,medium,light,constrained,medium,10,0,,,,sqlite,23,0
4e23896e4400,B0020,23,graphql,off,zipfian,medium,light,constrained,medium,10,0,,,,sqlite,24,0
eb1cccc15901,B0020,23,graphql,off,zipfian,medium,light,constrained,medium,10,0,,,,sqlite,25,0
4e598347c950,B0020,23,graphql,off,zipfian,medium,light,constrained,medium,10,0,,,,sqlite,26,0
b72267eb5892,B0020,23,graphql,off,zipfian,medium,light,constrained,medium,10,0,,,,sqlite,27,0
e75b113e44ab,B0020,23,graphql,off,zipfian,medium,light,constrained,medium,10,0,,,,sqlite,28,0
604da3eef848,B0020,23,graphql,off,zipfian,medium,light,constrained,medium,10,0,,,,sqlite,29,0
