run_uid,block_id,block_order,protocol,caching,access_pattern,entropy,payload_weight,network,density,concurrency,page_size,run_index,is_warmup
47119b0fd6ef,B0015,0,graphql,on,zipfian,medium,heavy,constrained,medium,10,0,0,1
cca2f8b6e893,B0015,0,graphql,on,zipfian,medium,heavy,constrained,medium,10,0,0,0
ef78f3ba5e9a,B0015,0,graphql,on,zipfian,medium,heavy,constrained,medium,10,0,1,0
4ee1583ca6b3,B0015,0,graphql,on,zipfian,medium,heavy,constrained,medium,10,0,2,0
53b862c21579,B0015,0,graphql,on,zipfian,medium,heavy,constrained,medium,10,0,3,0
1ae52453de06,B0015,0,graphql,on,zipfian,medium,heavy,constrained,medium,10,0,4,0
033565966c99,B0015,0,graphql,on,zipfian,medium,heavy,constrained,medium,10,0,5,0
a87c316878c4,B0015,0,graphql,on,zipfian,medium,heavy,constrained,medium,10,0,6,0
4ee91c7b1c98,B0015,0,graphql,on,zipfian,medium,heavy,constrained,medium,10,0,7,0
2587eb5b1f3b,B0015,0,graphql,on,zipfian,medium,heavy,constrained,medium,10,0,8,0
8ed33a587a27,B0015,0,graphql,on,zipfian,medium,heavy,constrained,medium,10,0,9,0
2eed4395f3c4,B0015,0,graphql,on,zipfian,medium,heavy,constrained,medium,10,0,10,0
865d3be2448a,B0015,0,graphql,on,zipfian,medium,heavy,constrained,medium,10,0,11,0
587c1f30e257,B0015,0,graphql,on,zipfian,medium,heavy,constrained,medium,10,0,12,0
384d63bb75d1,B0015,0,graphql,on,zipfian,medium,heavy,constrained,medium,10,0,13,0
d86e762459bf,B0015,0,graphql,on,zipfian,medium,heavy,constrained,medium,10,0,14,0
32b2dc370d96,B0015,0,graphql,on,zipfian,medium,heavy,constrained,medium,10,0,15,0
c5b47f76c877,B0015,0,graphql,on,zipfian,medium,heavy,constrained,medium,10,0,16,0
866e4e79f435,B0015,0,graphql,on,zipfian,medium,heavy,constrained,medium,10,0,17,0
81bd582141d9,B0015,0,graphql,on,zipfian,medium,heavy,constrained,medium,10,0,18,0
a7186181f8a5,B0015,0,graphql,on,zipfian,medium,heavy,constrained,medium,10,0,19,0
3c4e8b7eee12,B0015,0,graphql,on,zipfian,medium,heavy,constrained,medium,10,0,20,0
c6b290afb50f,B0015,0,graphql,on,zipfian,medium,heavy,constrained,medium,10,0,21,0
20c6dd687b8c,B0015,0,graphql,on,zipfian,medium,heavy,constrained,medium,10,0,22,0
113ec579e215,B0015,0,graphql,on,zipfian,medium,heavy,constrained,medium,10,0,23,0
f9a1cd6c9acb,B0015,0,graphql,on,zipfian,medium,heavy,constrained,medium,10,0,24,0
3aaf2fd6f28d,B0015,0,graphql,on,zipfian,medium,heavy,constrained,medium,10,0,25,0
d10d3d60f20d,B0015,0,graphql,on,zipfian,medium,heavy,constrained,medium,10,0,26,0
a4bb99c1f69f,B0015,0,graphql,on,zipfian,medium,heavy,constrained,medium,10,0,27,0
141d9a551925,B0015,0,graphql,on,zipfian,medium,heavy,constrained,medium,10,0,28,0
4f2b37502770,B0015,0,graphql,on,zipfian,medium,heavy,constrained,medium,10,0,29,0
96ae90a82d90,B0005,1,rest,on,uniform,medium,heavy,constrained,medium,10,0,0,1
f35068b6f492,B0005,1,rest,on,uniform,medium,heavy,constrained,medium,10,0,0,0
1bef03b91a5f,B0005,1,rest,on,uniform,medium,heavy,constrained,medium,10,0,1,0
c25a7985eeb9,B0005,1,rest,on,uniform,medium,heavy,constrained,medium,10,0,2,0
93cd18d1b8f9,B0005,1,rest,on,uniform,medium,heavy,constrained,medium,10,0,3,0
635d0685778c,B0005,1,rest,on,uniform,medium,heavy,constrained,medium,10,0,4,0
fd7dbc28bba6,B0005,1,rest,on,uniform,medium,heavy,constrained,medium,10,0,5,0
ec901339d57c,B0005,1,rest,on,uniform,medium,heavy,constrained,medium,10,0,6,0
98f785411568,B0005,1,rest,on,uniform,medium,heavy,constrained,medium,10,0,7,0
1dc999aa33be,B0005,1,rest,on,uniform,medium,heavy,constrained,medium,10,0,8,0
a09bd617dfa6,B0005,1,rest,on,uniform,medium,heavy,constrained,medium,10,0,9,0
d0041d44197a,B0005,1,rest,on,uniform,medium,heavy,constrained,medium,10,0,10,0
115ed74256f1,B0005,1,rest,on,uniform,medium,heavy,constrained,medium,10,0,11,0
6782d36c91c6,B0005,1,rest,on,uniform,medium,heavy,constrained,medium,10,0,12,0
e046c05f6963,B0005,1,rest,on,uniform,medium,heavy,constrained,medium,10,0,13,0
cbf527bbfba6,B0005,1,rest,on,uniform,medium,heavy,constrained,medium,10,0,14,0
92d55dc02b4c,B0005,1,rest,on,uniform,medium,heavy,constrained,medium,10,0,15,0
4e4c75d6e0c9,B0005,1,rest,on,uniform,medium,heavy,constrained,medium,10,0,16,0
3301f44de7ec,B0005,1,rest,on,uniform,medium,heavy,constrained,medium,10,0,17,0
ea4f8491c4d9,B0005,1,rest,on,uniform,medium,heavy,constrained,medium,10,0,18,0
70d02d23c83f,B0005,1,rest,on,uniform,medium,heavy,constrained,medium,10,0,19,0
07411fd29192,B0005,1,rest,on,uniform,medium,heavy,constrained,medium,10,0,20,0
d91cb253e655,B0005,1,rest,on,uniform,medium,heavy,constrained,medium,10,0,21,0
ca498def3b2f,B0005,1,rest,on,uniform,medium,heavy,constrained,medium,10,0,22,0
c14a4d66134b,B0005,1,rest,on,uniform,medium,heavy,constrained,medium,10,0,23,0
668da2a07339,B0005,1,rest,on,uniform,medium,heavy,constrained,medium,10,0,24,0
217fa73de915,B0005,1,rest,on,uniform,medium,heavy,constrained,medium,10,0,25,0
b77e32f190a0,B0005,1,rest,on,uniform,medium,heavy,constrained,medium,10,0,26,0
8c1cb07459f6,B0005,1,rest,on,uniform,medium,heavy,constrained,medium,10,0,27,0
aed87da7769d,B0005,1,rest,on,uniform,medium,heavy,constrained,medium,10,0,28,0
0f8d9853217a,B0005,1,rest,on,uniform,medium,heavy,constrained,medium,10,0,29,0
4e2ed511cd8b,B0018,2,graphql,off,unique,medium,light,constrained,medium,10,0,0,1
c78c94e08bd3,B0018,2,graphql,off,unique,medium,light,constrained,medium,10,0,0,0
aa214e7a2120,B0018,2,graphql,off,unique,medium,light,constrained,medium,10,0,1,0
2954108ce084,B0018,2,graphql,off,unique,medium,light,constrained,medium,10,0,2,0
40ee18525f9e,B0018,2,graphql,off,unique,medium,light,constrained,medium,10,0,3,0
05b0777ed094,B0018,2,graphql,off,unique,medium,light,constrained,medium,10,0,4,0
be74a1bd30dd,B0018,2,graphql,off,unique,medium,light,constrained,medium,10,0,5,0
caf6fdb861bd,B0018,2,graphql,off,unique,medium,light,constrained,medium,10,0,6,0
dadb0d695907,B0018,2,graphql,off,unique,medium,light,constrained,medium,10,0,7,0
2106a37a894a,B0018,2,graphql,off,unique,medium,light,constrained,medium,10,0,8,0
d1ac52c128a2,B0018,2,graphql,off,unique,medium,light,constrained,medium,10,0,9,0
ce00025920a9,B0018,2,graphql,off,unique,medium,light,constrained,medium,10,0,10,0
721f52e257a5,B0018,2,graphql,off,unique,medium,light,constrained,medium,10,0,11,0
7ca3fce755dd,B0018,2,graphql,off,unique,medium,light,constrained,medium,10,0,12,0
da4fc44e4540,B0018,2,graphql,off,unique,medium,light,constrained,medium,10,0,13,0
03511a64d073,B0018,2,graphql,off,unique,medium,light,constrained,medium,10,0,14,0
7b97e4c81efe,B0018,2,graphql,off,unique,medium,light,constrained,medium,10,0,15,0
5ee238ed01e7,B0018,2,graphql,off,unique,medium,light,constrained,medium,10,0,16,0
d619682f1293,B0018,2,graphql,off,unique,medium,light,constrained,medium,10,0,17,0
4b03e94b2683,B0018,2,graphql,off,unique,medium,light,constrained,medium,10,0,18,0
3edbae7e49f2,B0018,2,graphql,off,unique,medium,light,constrained,medium,10,0,19,0
da3112a2fc1e,B0018,2,graphql,off,unique,medium,light,constrained,medium,10,0,20,0
612a87c7d2e8,B0018,2,graphql,off,unique,medium,light,constrained,medium,10,0,21,0
53cb3cb09d33,B0018,2,graphql,off,unique,medium,light,constrained,medium,10,0,22,0
3cb8c2ddb88f,B0018,2,graphql,off,unique,medium,light,constrained,medium,10,0,23,0
b6aa338ade8d,B0018,2,graphql,off,unique,medium,light,constrained,medium,10,0,24,0
d8b36b6c55f7,B0018,2,graphql,off,unique,medium,light,constrained,medium,10,0,25,0
a4effabd9da7,B0018,2,graphql,off,unique,medium,light,constrained,medium,10,0,26,0
1bd1b97ffa60,B0018,2,graphql,off,unique,medium,light,constrained,medium,10,0,27,0
da3237834eba,B0018,2,graphql,off,unique,medium,light,constrained,medium,10,0,28,0
4c8ac7ba1a86,B0018,2,graphql,off,unique,medium,light,constrained,medium,10,0,29,0
67f1e1789598,B0023,3,graphql,off,uniform,medium,heavy,constrained,medium,10,0,0,1
0400b2a25dba,B0023,3,graphql,off,uniform,medium,heavy,constrained,medium,10,0,0,0
2f902bc1b134,B0023,3,graphql,off,uniform,medium,heavy,constrained,medium,10,0,1,0
1165b76702cc,B0023,3,graphql,off,uniform,medium,heavy,constrained,medium,10,0,2,0
47e0bf67dfdd,B0023,3,graphql,off,uniform,medium,heavy,constrained,medium,10,0,3,0
827ee7c16776,B0023,3,graphql,off,uniform,medium,heavy,constrained,medium,10,0,4,0
6c9f9caf6336,B0023,3,graphql,off,uniform,medium,heavy,constrained,medium,10,0,5,0
a205e78c7c8c,B0023,3,graphql,off,uniform,medium,heavy,constrained,medium,10,0,6,0
9110577aa6cb,B0023,3,graphql,off,uniform,medium,heavy,constrained,medium,10,0,7,0
904c8b067f8d,B0023,3,graphql,off,uniform,medium,heavy,constrained,medium,10,0,8,0
56a7f8ef4217,B0023,3,graphql,off,uniform,medium,heavy,constrained,medium,10,0,9,0
43a35024e6d5,B0023,3,graphql,off,uniform,medium,heavy,constrained,medium,10,0,10,0
d1bc8c466346,B0023,3,graphql,off,uniform,medium,heavy,constrained,medium,10,0,11,0
981d10461cf7,B0023,3,graphql,off,uniform,medium,heavy,constrained,medium,10,0,12,0
e97aa643d902,B0023,3,graphql,off,uniform,medium,heavy,constrained,medium,10,0,13,0
9c80bf8d6ec3,B0023,3,graphql,off,uniform,medium,heavy,constrained,medium,10,0,14,0
b8ce257b1a45,B0023,3,graphql,off,uniform,medium,heavy,constrained,medium,10,0,15,0
5fe336cc954f,B0023,3,graphql,off,uniform,medium,heavy,constrained,medium,10,0,16,0
2028df575044,B0023,3,graphql,off,uniform,medium,heavy,constrained,medium,10,0,17,0
d24f1b461eb1,B0023,3,graphql,off,uniform,medium,heavy,constrained,medium,10,0,18,0
f03124bae92b,B0023,3,graphql,off,uniform,medium,heavy,constrained,medium,10,0,19,0
ee660d2ae490,B0023,3,graphql,off,uniform,medium,heavy,constrained,medium,10,0,20,0
5daead255f58,B0023,3,graphql,off,uniform,medium,heavy,constrained,medium,10,0,21,0
a4cec2620550,B0023,3,graphql,off,uniform,medium,heavy,constrained,medium,10,0,22,0
c379844bff15,B0023,3,graphql,off,uniform,medium,heavy,constrained,medium,10,0,23,0
fa30354a1d9f,B0023,3,graphql,off,uniform,medium,heavy,constrained,medium,10,0,24,0
9d274490609e,B0023,3,graphql,off,uniform,medium,heavy,constrained,medium,10,0,25,0
67033940bdfd,B0023,3,graphql,off,uniform,medium,heavy,constrained,medium,10,0,26,0
dbf18f9b8e59,B0023,3,graphql,off,uniform,medium,heavy,constrained,medium,10,0,27,0
bf9c1efeb7bc,B0023,3,graphql,off,uniform,medium,heavy,constrained,medium,10,0,28,0
2b29d664280c,B0023,3,graphql,off,uniform,medium,heavy,constrained,medium,10,0,29,0
d27be7a5e64d,B0013,4,graphql,on,unique,medium,heavy,constrained,medium,10,0,0,1
cfcbb6499a07,B0013,4,graphql,on,unique,medium,heavy,constrained,medium,10,0,0,0
e1654e04bbe1,B0013,4,graphql,on,unique,medium,heavy,constrained,medium,10,0,1,0
71b8668f6beb,B0013,4,graphql,on,unique,medium,heavy,constrained,medium,10,0,2,0
3434fa129691,B0013,4,graphql,on,unique,medium,heavy,constrained,medium,10,0,3,0
fd7b5eef5479,B0013,4,graphql,on,unique,medium,heavy,constrained,medium,10,0,4,0
abfa8297b81d,B0013,4,graphql,on,unique,medium,heavy,constrained,medium,10,0,5,0
2a64da6c67ba,B0013,4,graphql,on,unique,medium,heavy,constrained,medium,10,0,6,0
9a836e77ba55,B0013,4,graphql,on,unique,medium,heavy,constrained,medium,10,0,7,0
66879623935d,B0013,4,graphql,on,unique,medium,heavy,constrained,medium,10,0,8,0
c895195cfbfa,B0013,4,graphql,on,unique,medium,heavy,constrained,medium,10,0,9,0
d9720ce3ae31,B0013,4,graphql,on,unique,medium,heavy,constrained,medium,10,0,10,0
b0d73dfacedf,B0013,4,graphql,on,unique,medium,heavy,constrained,medium,10,0,11,0
8b960769e3ce,B0013,4,graphql,on,unique,medium,heavy,constrained,medium,10,0,12,0
69be37ddd9cb,B0013,4,graphql,on,unique,medium,heavy,constrained,medium,10,0,13,0
c8a57e345e6e,B0013,4,graphql,on,unique,medium,heavy,constrained,medium,10,0,14,0
0f05c699fed8,B0013,4,graphql,on,unique,medium,heavy,constrained,medium,10,0,15,0
1abc82a4ecdf,B0013,4,graphql,on,unique,medium,heavy,constrained,medium,10,0,16,0
7bd5a8853ff0,B0013,4,graphql,on,unique,medium,heavy,constrained,medium,10,0,17,0
cc4412ee405d,B0013,4,graphql,on,unique,medium,heavy,constrained,medium,10,0,18,0
6b1d7794f149,B0013,4,graphql,on,unique,medium,heavy,constrained,medium,10,0,19,0
d0c4c0878948,B0013,4,graphql,on,unique,medium,heavy,constrained,medium,10,0,20,0
9b05e9686085,B0013,4,graphql,on,unique,medium,heavy,constrained,medium,10,0,21,0
67c9771561e7,B0013,4,graphql,on,unique,medium,heavy,constrained,medium,10,0,22,0
8c7210b3ad29,B0013,4,graphql,on,unique,medium,heavy,constrained,medium,10,0,23,0
a417e5fad3ac,B0013,4,graphql,on,unique,medium,heavy,constrained,medium,10,0,24,0
e6b780d6fa47,B0013,4,graphql,on,unique,medium,heavy,constrained,medium,10,0,25,0
03272997a4a0,B0013,4,graphql,on,unique,medium,heavy,constrained,medium,10,0,26,0
dc5e1ab418f1,B0013,4,graphql,on,unique,medium,heavy,constrained,medium,10,0,27,0
ce307a0c9ac2,B0013,4,graphql,on,unique,medium,heavy,constrained,medium,10,0,28,0
85e787cd87d9,B0013,4,graphql,on,unique,medium,heavy,constrained,medium,10,0,29,0
0da930fc4174,B0010,5,rest,off,uniform,medium,light,constrained,medium,10,0,0,1
5dcee1d84d4b,B0010,5,rest,off,uniform,medium,light,constrained,medium,10,0,0,0
fac3ce2ff8b3,B0010,5,rest,off,uniform,medium,light,constrained,medium,10,0,1,0
c0561a5c321f,B0010,5,rest,off,uniform,medium,light,constrained,medium,10,0,2,0
eebb7d0435ee,B0010,5,rest,off,uniform,medium,light,constrained,medium,10,0,3,0
905dd7c08250,B0010,5,rest,off,uniform,medium,light,constrained,medium,10,0,4,0
3dbe778493e3,B0010,5,rest,off,uniform,medium,light,constrained,medium,10,0,5,0
3846fe5c297f,B0010,5,rest,off,uniform,medium,light,constrained,medium,10,0,6,0
353f35f206ec,B0010,5,rest,off,uniform,medium,light,constrained,medium,10,0,7,0
a01ea23eb0c9,B0010,5,rest,off,uniform,medium,light,constrained,medium,10,0,8,0
4a45a4d06191,B0010,5,rest,off,uniform,medium,light,constrained,medium,10,0,9,0
18b6551ded4b,B0010,5,rest,off,uniform,medium,light,constrained,medium,10,0,10,0
a34a5cb61144,B0010,5,rest,off,uniform,medium,light,constrained,medium,10,0,11,0
72fec9820632,B0010,5,rest,off,uniform,medium,light,constrained,medium,10,0,12,0
5fa85f8e894b,B0010,5,rest,off,uniform,medium,light,constrained,medium,10,0,13,0
1ea0b0d4db0c,B0010,5,rest,off,uniform,medium,light,constrained,medium,10,0,14,0
d08ddb13aef9,B0010,5,rest,off,uniform,medium,light,constrained,medium,10,0,15,0
781b1d88dfaf,B0010,5,rest,off,uniform,medium,light,constrained,medium,10,0,16,0
e1c0576cf564,B0010,5,rest,off,uniform,medium,light,constrained,medium,10,0,17,0
b6467a06f9d5,B0010,5,rest,off,uniform,medium,light,constrained,medium,10,0,18,0
8e8826051c9a,B0010,5,rest,off,uniform,medium,light,constrained,medium,10,0,19,0
b491e183b40c,B0010,5,rest,off,uniform,medium,light,constrained,medium,10,0,20,0
42b53e0e47db,B0010,5,rest,off,uniform,medium,light,constrained,medium,10,0,21,0
7bd57e95611e,B0010,5,rest,off,uniform,medium,light,constrained,medium,10,0,22,0
bc29354ecde6,B0010,5,rest,off,uniform,medium,light,constrained,medium,10,0,23,0
942a357456c7,B0010,5,rest,off,uniform,medium,light,constrained,medium,10,0,24,0
19716b1b13ae,B0010,5,rest,off,uniform,medium,light,constrained,medium,10,0,25,0
ede33672c978,B0010,5,rest,off,uniform,medium,light,constrained,medium,10,0,26,0
b250b216c620,B0010,5,rest,off,uniform,medium,light,constrained,medium,10,0,27,0
c995842bdeb5,B0010,5,rest,off,uniform,medium,light,constrained,medium,10,0,28,0
ce7f38216ee8,B0010,5,rest,off,uniform,medium,light,constrained,medium,10,0,29,0
19935ccae9e0,B0017,6,graphql,on,uniform,medium,heavy,constrained,medium,10,0,0,1
bea5a78fcda7,B0017,6,graphql,on,uniform,medium,heavy,constrained,medium,10,0,0,0
50ae0fd26fa9,B0017,6,graphql,on,uniform,medium,heavy,constrained,medium,10,0,1,0
d60f0bee5065,B0017,6,graphql,on,uniform,medium,heavy,constrained,medium,10,0,2,0
6be3177dd2a1,B0017,6,graphql,on,uniform,medium,heavy,constrained,medium,10,0,3,0
853731d4630e,B0017,6,graphql,on,uniform,medium,heavy,constrained,medium,10,0,4,0
6827eb2c696f,B0017,6,graphql,on,uniform,medium,heavy,constrained,medium,10,0,5,0
b29c77fd4bf5,B0017,6,graphql,on,uniform,medium,heavy,constrained,medium,10,0,6,0
aad7bf749b46,B0017,6,graphql,on,uniform,medium,heavy,constrained,medium,10,0,7,0
77bc4f226bf6,B0017,6,graphql,on,uniform,medium,heavy,constrained,medium,10,0,8,0
a83d1ef121c9,B0017,6,graphql,on,uniform,medium,heavy,constrained,medium,10,0,9,0
6f8db4d1c115,B0017,6,graphql,on,uniform,medium,heavy,constrained,medium,10,0,10,0
9bbcfed7e8c0,B0017,6,graphql,on,uniform,medium,heavy,constrained,medium,10,0,11,0
4f4ab4c176f1,B0017,6,graphql,on,uniform,medium,heavy,constrained,medium,10,0,12,0
e4bec397a82e,B0017,6,graphql,on,uniform,medium,heavy,constrained,medium,10,0,13,0
dccf1da9c342,B0017,6,graphql,on,uniform,medium,heavy,constrained,medium,10,0,14,0
eb904c808752,B0017,6,graphql,on,uniform,medium,heavy,constrained,medium,10,0,15,0
531ff13fbbcf,B0017,6,graphql,on,uniform,medium,heavy,constrained,medium,10,0,16,0
33093c149005,B0017,6,graphql,on,uniform,medium,heavy,constrained,medium,10,0,17,0
bd6a3fe37f6d,B0017,6,graphql,on,uniform,medium,heavy,constrained,medium,10,0,18,0
813703416d14,B0017,6,graphql,on,uniform,medium,heavy,constrained,medium,10,0,19,0
d3f942a80e03,B0017,6,graphql,on,uniform,medium,heavy,constrained,medium,10,0,20,0
b94012055e94,B0017,6,graphql,on,uniform,medium,heavy,constrained,medium,10,0,21,0
4f52ca92a826,B0017,6,graphql,on,uniform,medium,heavy,constrained,medium,10,0,22,0
23786659208d,B0017,6,graphql,on,uniform,medium,heavy,constrained,medium,10,0,23,0
74547e98539f,B0017,6,graphql,on,uniform,medium,heavy,constrained,medium,10,0,24,0
033c48dfaad8,B0017,6,graphql,on,uniform,medium,heavy,constrained,medium,10,0,25,0
0b7c94638066,B0017,6,graphql,on,uniform,medium,heavy,constrained,medium,10,0,26,0
2ac2724ac729,B0017,6,graphql,on,uniform,medium,heavy,constrained,medium,10,0,27,0
dd6913e4f1e4,B0017,6,graphql,on,uniform,medium,heavy,constrained,medium,10,0,28,0
bccb35e9b426,B0017,6,graphql,on,uniform,medium,heavy,constrained,medium,10,0,29,0
3284fff5e1db,B0011,7,rest,off,uniform,medium,heavy,constrained,medium,10,0,0,1
a9d57c1f10a8,B0011,7,rest,off,uniform,medium,heavy,constrained,medium,10,0,0,0
9dc6a9f39feb,B0011,7,rest,off,uniform,medium,heavy,constrained,medium,10,0,1,0
2db85cef03cf,B0011,7,rest,off,uniform,medium,heavy,constrained,medium,10,0,2,0
9f7ec8f711cd,B0011,7,rest,off,uniform,medium,heavy,constrained,medium,10,0,3,0
b6af2bead3e9,B0011,7,rest,off,uniform,medium,heavy,constrained,medium,10,0,4,0
055dc0cc8c6d,B0011,7,rest,off,uniform,medium,heavy,constrained,medium,10,0,5,0
105a91a573ad,B0011,7,rest,off,uniform,medium,heavy,constrained,medium,10,0,6,0
2ed8be526e4a,B0011,7,rest,off,uniform,medium,heavy,constrained,medium,10,0,7,0
ec3d55003ef8,B0011,7,rest,off,uniform,medium,heavy,constrained,medium,10,0,8,0
2765ea039d7d,B0011,7,rest,off,uniform,medium,heavy,constrained,medium,10,0,9,0
a900e0a9f112,B0011,7,rest,off,uniform,medium,heavy,constrained,medium,10,0,10,0
4cd63c764880,B0011,7,rest,off,uniform,medium,heavy,constrained,medium,10,0,11,0
44c884c0e4fb,B0011,7,rest,off,uniform,medium,heavy,constrained,medium,10,0,12,0
3589ef03766f,B0011,7,rest,off,uniform,medium,heavy,constrained,medium,10,0,13,0
6a9a92745b3d,B0011,7,rest,off,uniform,medium,heavy,constrained,medium,10,0,14,0
2bcaf4b14826,B0011,7,rest,off,uniform,medium,heavy,constrained,medium,10,0,15,0
9847b7520085,B0011,7,rest,off,uniform,medium,heavy,constrained,medium,10,0,16,0
6a52c2801ff9,B0011,7,rest,off,uniform,medium,heavy,constrained,medium,10,0,17,0
b4ad96074b78,B0011,7,rest,off,uniform,medium,heavy,constrained,medium,10,0,18,0
670ebb356707,B0011,7,rest,off,uniform,medium,heavy,constrained,medium,10,0,19,0
ce7d6a1582a0,B0011,7,rest,off,uniform,medium,heavy,constrained,medium,10,0,20,0
6f8543a313e8,B0011,7,rest,off,uniform,medium,heavy,constrained,medium,10,0,21,0
58267d0655f7,B0011,7,rest,off,uniform,medium,heavy,constrained,medium,10,0,22,0
557cbce37227,B0011,7,rest,off,uniform,medium,heavy,constrained,medium,10,0,23,0
dec113e68996,B0011,7,rest,off,uniform,medium,heavy,constrained,medium,10,0,24,0
612f84fb236f,B0011,7,rest,off,uniform,medium,heavy,constrained,medium,10,0,25,0
8ef5e13f147a,B0011,7,rest,off,uniform,medium,heavy,constrained,medium,10,0,26,0
447f5248440f,B0011,7,rest,off,uniform,medium,heavy,constrained,medium,10,0,27,0
e346e934cc2a,B0011,7,rest,off,uniform,medium,heavy,constrained,medium,10,0,28,0
33b483cbe8dd,B0011,7,rest,off,uniform,medium,heavy,constrained,medium,10,0,29,0
5f041760abe2,B0014,8,graphql,on,zipfian,medium,light,constrained,medium,10,0,0,1
3c4b5e0ebd00,B0014,8,graphql,on,zipfian,medium,light,constrained,medium,10,0,0,0
577f79d925b9,B0014,8,graphql,on,zipfian,medium,light,constrained,medium,10,0,1,0
31d7c8dd568e,B0014,8,graphql,on,zipfian,medium,light,constrained,medium,10,0,2,0
3be1ef61b4ed,B0014,8,graphql,on,zipfian,medium,light,constrained,medium,10,0,3,0
fb92ab2684e8,B0014,8,graphql,on,zipfian,medium,light,constrained,medium,10,0,4,0
1a41e534c823,B0014,8,graphql,on,zipfian,medium,light,constrained,medium,10,0,5,0
d5660d70e882,B0014,8,graphql,on,zipfian,medium,light,constrained,medium,10,0,6,0
bb6f16869f31,B0014,8,graphql,on,zipfian,medium,light,constrained,medium,10,0,7,0
1e21519f9e42,B0014,8,graphql,on,zipfian,medium,light,constrained,medium,10,0,8,0
52ea9c0a69ad,B0014,8,graphql,on,zipfian,medium,light,constrained,medium,10,0,9,0
cea782976f45,B0014,8,graphql,on,zipfian,medium,light,constrained,medium,10,0,10,0
63ca7c5d1b27,B0014,8,graphql,on,zipfian,medium,light,constrained,medium,10,0,11,0
42d2a119f19e,B0014,8,graphql,on,zipfian,medium,light,constrained,medium,10,0,12,0
fbd7a21fb6e2,B0014,8,graphql,on,zipfian,medium,light,constrained,medium,10,0,13,0
d77bfa394db2,B0014,8,graphql,on,zipfian,medium,light,constrained,medium,10,0,14,0
091b044c0b83,B0014,8,graphql,on,zipfian,medium,light,constrained,medium,10,0,15,0
4d41fc8ac03e,B0014,8,graphql,on,zipfian,medium,light,constrained,medium,10,0,16,0
821e9c6dc1f5,B0014,8,graphql,on,zipfian,medium,light,constrained,medium,10,0,17,0
caacbd504545,B0014,8,graphql,on,zipfian,medium,light,constrained,medium,10,0,18,0
554c1101e953,B0014,8,graphql,on,zipfian,medium,light,constrained,medium,10,0,19,0
7269a4194b56,B0014,8,graphql,on,zipfian,medium,light,constrained,medium,10,0,20,0
db3382033b47,B0014,8,graphql,on,zipfian,medium,light,constrained,medium,10,0,21,0
b102abfe99e0,B0014,8,graphql,on,zipfian,medium,light,constrained,medium,10,0,22,0
29874a9014b9,B0014,8,graphql,on,zipfian,medium,light,constrained,medium,10,0,23,0
b8c67836cc28,B0014,8,graphql,on,zipfian,medium,light,constrained,medium,10,0,24,0
3b5957e8fa6b,B0014,8,graphql,on,zipfian,medium,light,constrained,medium,10,0,25,0
3c5773a75fea,B0014,8,graphql,on,zipfian,medium,light,constrained,medium,10,0,26,0
c5078741f21f,B0014,8,graphql,on,zipfian,medium,light,constrained,medium,10,0,27,0
f8f18d32b71f,B0014,8,graphql,on,zipfian,medium,light,constrained,medium,10,0,28,0
a1c886211479,B0014,8,graphql,on,zipfian,medium,light,constrained,medium,10,0,29,0
81924924de47,B0016,9,graphql,on,uniform,medium,light,constrained,medium,10,0,0,1
0540f0c85c91,B0016,9,graphql,on,uniform,medium,light,constrained,medium,10,0,0,0
25739f4ce9a2,B0016,9,graphql,on,uniform,medium,light,constrained,medium,10,0,1,0
2d79c9ede2c4,B0016,9,graphql,on,uniform,medium,light,constrained,medium,10,0,2,0
0ed8480aede7,B0016,9,graphql,on,uniform,medium,light,constrained,medium,10,0,3,0
7c9d5b66ca46,B0016,9,graphql,on,uniform,medium,light,constrained,medium,10,0,4,0
68eb064491be,B0016,9,graphql,on,uniform,medium,light,constrained,medium,10,0,5,0
0505f3ad8bcb,B0016,9,graphql,on,uniform,medium,light,constrained,medium,10,0,6,0
1ff0a57bfd87,B0016,9,graphql,on,uniform,medium,light,constrained,medium,10,0,7,0
8e87f3b2ec8e,B0016,9,graphql,on,uniform,medium,light,constrained,medium,10,0,8,0
7a8b8655ed0b,B0016,9,graphql,on,uniform,medium,light,constrained,medium,10,0,9,0
ddf6eaab84a7,B0016,9,graphql,on,uniform,medium,light,constrained,medium,10,0,10,0
d621806992b9,B0016,9,graphql,on,uniform,medium,light,constrained,medium,10,0,11,0
442ed8281aca,B0016,9,graphql,on,uniform,medium,light,constrained,medium,10,0,12,0
80737cfd2f04,B0016,9,graphql,on,uniform,medium,light,constrained,medium,10,0,13,0
ab8d7585fa92,B0016,9,graphql,on,uniform,medium,light,constrained,medium,10,0,14,0
de43cd1facf6,B0016,9,graphql,on,uniform,medium,light,constrained,medium,10,0,15,0
cda8e66834d8,B0016,9,graphql,on,uniform,medium,light,constrained,medium,10,0,16,0
2bc2643a8eb6,B0016,9,graphql,on,uniform,medium,light,constrained,medium,10,0,17,0
271825b6bb7d,B0016,9,graphql,on,uniform,medium,light,constrained,medium,10,0,18,0
da1a53a71c6e,B0016,9,graphql,on,uniform,medium,light,constrained,medium,10,0,19,0
112d537fe405,B0016,9,graphql,on,uniform,medium,light,constrained,medium,10,0,20,0
ef1145088e60,B0016,9,graphql,on,uniform,medium,light,constrained,medium,10,0,21,0
9aa2e851f5ca,B0016,9,graphql,on,uniform,medium,light,constrained,medium,10,0,22,0
17f55efd025c,B0016,9,graphql,on,uniform,medium,light,constrained,medium,10,0,23,0
eec794e5ad72,B0016,9,graphql,on,uniform,medium,light,constrained,medium,10,0,24,0
5cff22929d9f,B0016,9,graphql,on,uniform,medium,light,constrained,medium,10,0,25,0
f3434206a3ea,B0016,9,graphql,on,uniform,medium,light,constrained,medium,10,0,26,0
4f69b38b5e65,B0016,9,graphql,on,uniform,medium,light,constrained,medium,10,0,27,0
83792aec659b,B0016,9,graphql,on,uniform,medium,light,constrained,medium,10,0,28,0
294d498aca03,B0016,9,graphql,on,uniform,medium,light,constrained,medium,10,0,29,0
6c175438d4af,B0001,10,rest,on,unique,medium,heavy,constrained,medium,10,0,0,1
4ba60fa6bc85,B0001,10,rest,on,unique,medium,heavy,constrained,medium,10,0,0,0
d1d64610ad2c,B0001,10,rest,on,unique,medium,heavy,constrained,medium,10,0,1,0
ea4412abaccc,B0001,10,rest,on,unique,medium,heavy,constrained,medium,10,0,2,0
ac48c4a86428,B0001,10,rest,on,unique,medium,heavy,constrained,medium,10,0,3,0
b94349253596,B0001,10,rest,on,unique,medium,heavy,constrained,medium,10,0,4,0
2f35572fe05a,B0001,10,rest,on,unique,medium,heavy,constrained,medium,10,0,5,0
858b69eddd04,B0001,10,rest,on,unique,medium,heavy,constrained,medium,10,0,6,0
324ad8820027,B0001,10,rest,on,unique,medium,heavy,constrained,medium,10,0,7,0
b3ba5d86a6aa,B0001,10,rest,on,unique,medium,heavy,constrained,medium,10,0,8,0
b3c5fa8ad0fa,B0001,10,rest,on,unique,medium,heavy,constrained,medium,10,0,9,0
dd7b4cbc57c7,B0001,10,rest,on,unique,medium,heavy,constrained,medium,10,0,10,0
108acc671022,B0001,10,rest,on,unique,medium,heavy,constrained,medium,10,0,11,0
5cfd72977285,B0001,10,rest,on,unique,medium,heavy,constrained,medium,10,0,12,0
1c081d43da2d,B0001,10,rest,on,unique,medium,heavy,constrained,medium,10,0,13,0
3358eb12304b,B0001,10,rest,on,unique,medium,heavy,constrained,medium,10,0,14,0
cd698263ca84,B0001,10,rest,on,unique,medium,heavy,constrained,medium,10,0,15,0
d59454070b60,B0001,10,rest,on,unique,medium,heavy,constrained,medium,10,0,16,0
281e7a436045,B0001,10,rest,on,unique,medium,heavy,constrained,medium,10,0,17,0
39bbb4bcfd02,B0001,10,rest,on,unique,medium,heavy,constrained,medium,10,0,18,0
11b28220975f,B0001,10,rest,on,unique,medium,heavy,constrained,medium,10,0,19,0
c02dc87c25b7,B0001,10,rest,on,unique,medium,heavy,constrained,medium,10,0,20,0
4898d90286bc,B0001,10,rest,on,unique,medium,heavy,constrained,medium,10,0,21,0
9656534015e8,B0001,10,rest,on,unique,medium,heavy,constrained,medium,10,0,22,0
fda143def7ac,B0001,10,rest,on,unique,medium,heavy,constrained,medium,10,0,23,0
c12a94169aca,B0001,10,rest,on,unique,medium,heavy,constrained,medium,10,0,24,0
001045df5d60,B0001,10,rest,on,unique,medium,heavy,constrained,medium,10,0,25,0
6a7cf70e7ebb,B0001,10,rest,on,unique,medium,heavy,constrained,medium,10,0,26,0
9866b3217a04,B0001,10,rest,on,unique,medium,heavy,constrained,medium,10,0,27,0
5cfa9549c983,B0001,10,rest,on,unique,medium,heavy,constrained,medium,10,0,28,0
382ce40976d1,B0001,10,rest,on,unique,medium,heavy,constrained,medium,10,0,29,0
6e2db769d448,B0012,11,graphql,on,unique,medium,light,constrained,medium,10,0,0,1
18398cf05baa,B0012,11,graphql,on,unique,medium,light,constrained,medium,10,0,0,0
0469c0b50800,B0012,11,graphql,on,unique,medium,light,constrained,medium,10,0,1,0
9cc3ec7b25f6,B0012,11,graphql,on,unique,medium,light,constrained,medium,10,0,2,0
98a71ae0937e,B0012,11,graphql,on,unique,medium,light,constrained,medium,10,0,3,0
54b3b91656e8,B0012,11,graphql,on,unique,medium,light,constrained,medium,10,0,4,0
0f8a9875024b,B0012,11,graphql,on,unique,medium,light,constrained,medium,10,0,5,0
9db6520f30a3,B0012,11,graphql,on,unique,medium,light,constrained,medium,10,0,6,0
750a31df43bc,B0012,11,graphql,on,unique,medium,light,constrained,medium,10,0,7,0
e346b7ac025e,B0012,11,graphql,on,unique,medium,light,constrained,medium,10,0,8,0
fd91d18c65aa,B0012,11,graphql,on,unique,medium,light,constrained,medium,10,0,9,0
a9707e205f38,B0012,11,graphql,on,unique,medium,light,constrained,medium,10,0,10,0
80b3843e8fbc,B0012,11,graphql,on,unique,medium,light,constrained,medium,10,0,11,0
796a0500a7ec,B0012,11,graphql,on,unique,medium,light,constrained,medium,10,0,12,0
7db6f88b81b3,B0012,11,graphql,on,unique,medium,light,constrained,medium,10,0,13,0
e734f014ad9a,B0012,11,graphql,on,unique,medium,light,constrained,medium,10,0,14,0
f3a2151c31ae,B0012,11,graphql,on,unique,medium,light,constrained,medium,10,0,15,0
52e7c614e257,B0012,11,graphql,on,unique,medium,light,constrained,medium,10,0,16,0
45ebd9b75c2d,B0012,11,graphql,on,unique,medium,light,constrained,medium,10,0,17,0
17885c0a2b51,B0012,11,graphql,on,unique,medium,light,constrained,medium,10,0,18,0
b9b4b81b1984,B0012,11,graphql,on,unique,medium,light,constrained,medium,10,0,19,0
9db52265a886,B0012,11,graphql,on,unique,medium,light,constrained,medium,10,0,20,0
a8e62afaa7e0,B0012,11,graphql,on,unique,medium,light,constrained,medium,10,0,21,0
6406e12b5bdf,B0012,11,graphql,on,unique,medium,light,constrained,medium,10,0,22,0
916cc074913d,B0012,11,graphql,on,unique,medium,light,constrained,medium,10,0,23,0
d11f57b2e755,B0012,11,graphql,on,unique,medium,light,constrained,medium,10,0,24,0
f740063abea5,B0012,11,graphql,on,unique,medium,light,constrained,medium,10,0,25,0
d72681acbfef,B0012,11,graphql,on,unique,medium,light,constrained,medium,10,0,26,0
3bdd55aa8848,B0012,11,graphql,on,unique,medium,light,constrained,medium,10,0,27,0
184c9d7dc828,B0012,11,graphql,on,unique,medium,light,constrained,medium,10,0,28,0
8b4654c38861,B0012,11,graphql,on,unique,medium,light,constrained,medium,10,0,29,0
d3939cdfdbf0,B0021,12,graphql,off,zipfian,medium,heavy,constrained,medium,10,0,0,1
2f942bf41d77,B0021,12,graphql,off,zipfian,medium,heavy,constrained,medium,10,0,0,0
0282a27f34ba,B0021,12,graphql,off,zipfian,medium,heavy,constrained,medium,10,0,1,0
e6ac93a85327,B0021,12,graphql,off,zipfian,medium,heavy,constrained,medium,10,0,2,0
ef5a5d15420b,B0021,12,graphql,off,zipfian,medium,heavy,constrained,medium,10,0,3,0
5e625f77fccd,B0021,12,graphql,off,zipfian,medium,heavy,constrained,medium,10,0,4,0
3b750fbb4fa6,B0021,12,graphql,off,zipfian,medium,heavy,constrained,medium,10,0,5,0
79a233fc006c,B0021,12,graphql,off,zipfian,medium,heavy,constrained,medium,10,0,6,0
e3e8f0d95ff0,B0021,12,graphql,off,zipfian,medium,heavy,constrained,medium,10,0,7,0
f89cfd299855,B0021,12,graphql,off,zipfian,medium,heavy,constrained,medium,10,0,8,0
e3675ccb35f4,B0021,12,graphql,off,zipfian,medium,heavy,constrained,medium,10,0,9,0
7da311be8c53,B0021,12,graphql,off,zipfian,medium,heavy,constrained,medium,10,0,10,0
3b4278418c93,B0021,12,graphql,off,zipfian,medium,heavy,constrained,medium,10,0,11,0
8f4b05174193,B0021,12,graphql,off,zipfian,medium,heavy,constrained,medium,10,0,12,0
08059fde412e,B0021,12,graphql,off,zipfian,medium,heavy,constrained,medium,10,0,13,0
acbd814056f2,B0021,12,graphql,off,zipfian,medium,heavy,constrained,medium,10,0,14,0
90ce88fe1321,B0021,12,graphql,off,zipfian,medium,heavy,constrained,medium,10,0,15,0
66e3b9f014d4,B0021,12,graphql,off,zipfian,medium,heavy,constrained,medium,10,0,16,0
7275976db143,B0021,12,graphql,off,zipfian,medium,heavy,constrained,medium,10,0,17,0
5f639f172c31,B0021,12,graphql,off,zipfian,medium,heavy,constrained,medium,10,0,18,0
8fe2ecca3411,B0021,12,graphql,off,zipfian,medium,heavy,constrained,medium,10,0,19,0
c84ee602e1cc,B0021,12,graphql,off,zipfian,medium,heavy,constrained,medium,10,0,20,0
bf83d8eeaf16,B0021,12,graphql,off,zipfian,medium,heavy,constrained,medium,10,0,21,0
7c16ccf7d39d,B0021,12,graphql,off,zipfian,medium,heavy,constrained,medium,10,0,22,0
2ec65cfe8047,B0021,12,graphql,off,zipfian,medium,heavy,constrained,medium,10,0,23,0
87c7792f3516,B0021,12,graphql,off,zipfian,medium,heavy,constrained,medium,10,0,24,0
08b6610990b9,B0021,12,graphql,off,zipfian,medium,heavy,constrained,medium,10,0,25,0
1948d7d5f1e4,B0021,12,graphql,off,zipfian,medium,heavy,constrained,medium,10,0,26,0
a11e2c33864f,B0021,12,graphql,off,zipfian,medium,heavy,constrained,medium,10,0,27,0
a4e196ce92ba,B0021,12,graphql,off,zipfian,medium,heavy,constrained,medium,10,0,28,0
ee5b0e7328de,B0021,12,graphql,off,zipfian,medium,heavy,constrained,medium,10,0,29,0
9ce614975c98,B0006,13,rest,off,unique,medium,light,constrained,medium,10,0,0,1
29aa86945af8,B0006,13,rest,off,unique,medium,light,constrained,medium,10,0,0,0
f92778898e5c,B0006,13,rest,off,unique,medium,light,constrained,medium,10,0,1,0
1e37037f1d5b,B0006,13,rest,off,unique,medium,light,constrained,medium,10,0,2,0
e86ab7117d3a,B0006,13,rest,off,unique,medium,light,constrained,medium,10,0,3,0
e88946353e39,B0006,13,rest,off,unique,medium,light,constrained,medium,10,0,4,0
081b42a75cba,B0006,13,rest,off,unique,medium,light,constrained,medium,10,0,5,0
c9c366b4c9a0,B0006,13,rest,off,unique,medium,light,constrained,medium,10,0,6,0
077dd32d158c,B0006,13,rest,off,unique,medium,light,constrained,medium,10,0,7,0
57b45f3fff75,B0006,13,rest,off,unique,medium,light,constrained,medium,10,0,8,0
f77119126f9f,B0006,13,rest,off,unique,medium,light,constrained,medium,10,0,9,0
955e2a7e1326,B0006,13,rest,off,unique,medium,light,constrained,medium,10,0,10,0
9191dfdc5bec,B0006,13,rest,off,unique,medium,light,constrained,medium,10,0,11,0
0c42661f7236,B0006,13,rest,off,unique,medium,light,constrained,medium,10,0,12,0
c2899ad378d5,B0006,13,rest,off,unique,medium,light,constrained,medium,10,0,13,0
7be1f569e575,B0006,13,rest,off,unique,medium,light,constrained,medium,10,0,14,0
2e4f3f1cbdda,B0006,13,rest,off,unique,medium,light,constrained,medium,10,0,15,0
dc1cdc2aabc1,B0006,13,rest,off,unique,medium,light,constrained,medium,10,0,16,0
f18f1c476d0a,B0006,13,rest,off,unique,medium,light,constrained,medium,10,0,17,0
18809520be8e,B0006,13,rest,off,unique,medium,light,constrained,medium,10,0,18,0
d16a5b91bdd6,B0006,13,rest,off,unique,medium,light,constrained,medium,10,0,19,0
3fb833c1e1f1,B0006,13,rest,off,unique,medium,light,constrained,medium,10,0,20,0
a1309a45db9f,B0006,13,rest,off,unique,medium,light,constrained,medium,10,0,21,0
6851d37a7b88,B0006,13,rest,off,unique,medium,light,constrained,medium,10,0,22,0
d91e1f8b0fcf,B0006,13,rest,off,unique,medium,light,constrained,medium,10,0,23,0
76cb9e118029,B0006,13,rest,off,unique,medium,light,constrained,medium,10,0,24,0
f0bd23e0da30,B0006,13,rest,off,unique,medium,light,constrained,medium,10,0,25,0
6883ffb23f97,B0006,13,rest,off,unique,medium,light,constrained,medium,10,0,26,0
ac0e02bcf40f,B0006,13,rest,off,unique,medium,light,constrained,medium,10,0,27,0
3de7f07b25cb,B0006,13,rest,off,unique,medium,light,constrained,medium,10,0,28,0
0e2151ad567d,B0006,13,rest,off,unique,medium,light,constrained,medium,10,0,29,0
678690a296d4,B0009,14,rest,off,zipfian,medium,heavy,constrained,medium,10,0,0,1
9e171507e3ae,B0009,14,rest,off,zipfian,medium,heavy,constrained,medium,10,0,0,0
84140728fdcd,B0009,14,rest,off,zipfian,medium,heavy,constrained,medium,10,0,1,0
dde14b0992db,B0009,14,rest,off,zipfian,medium,heavy,constrained,medium,10,0,2,0
61a6531a415c,B0009,14,rest,off,zipfian,medium,heavy,constrained,medium,10,0,3,0
4b52c12818cf,B0009,14,rest,off,zipfian,medium,heavy,constrained,medium,10,0,4,0
43346667febe,B0009,14,rest,off,zipfian,medium,heavy,constrained,medium,10,0,5,0
e99177f3665a,B0009,14,rest,off,zipfian,medium,heavy,constrained,medium,10,0,6,0
36083538e8e4,B0009,14,rest,off,zipfian,medium,heavy,constrained,medium,10,0,7,0
fcf0e60bb429,B0009,14,rest,off,zipfian,medium,heavy,constrained,medium,10,0,8,0
a4c0505b2334,B0009,14,rest,off,zipfian,medium,heavy,constrained,medium,10,0,9,0
abf83100e797,B0009,14,rest,off,zipfian,medium,heavy,constrained,medium,10,0,10,0
06d330c0a747,B0009,14,rest,off,zipfian,medium,heavy,constrained,medium,10,0,11,0
9662f6be5040,B0009,14,rest,off,zipfian,medium,heavy,constrained,medium,10,0,12,0
229025ef5657,B0009,14,rest,off,zipfian,medium,heavy,constrained,medium,10,0,13,0
5fba575049b6,B0009,14,rest,off,zipfian,medium,heavy,constrained,medium,10,0,14,0
1ced754f2fe6,B0009,14,rest,off,zipfian,medium,heavy,constrained,medium,10,0,15,0
817be189ae82,B0009,14,rest,off,zipfian,medium,heavy,constrained,medium,10,0,16,0
b961e78cb814,B0009,14,rest,off,zipfian,medium,heavy,constrained,medium,10,0,17,0
e88d0f3b9408,B0009,14,rest,off,zipfian,medium,heavy,constrained,medium,10,0,18,0
b00603505528,B0009,14,rest,off,zipfian,medium,heavy,constrained,medium,10,0,19,0
d03d3688a468,B0009,14,rest,off,zipfian,medium,heavy,constrained,medium,10,0,20,0
dc50acc2f319,B0009,14,rest,off,zipfian,medium,heavy,constrained,medium,10,0,21,0
63e4e5c29a3c,B0009,14,rest,off,zipfian,medium,heavy,constrained,medium,10,0,22,0
1589e1992b21,B0009,14,rest,off,zipfian,medium,heavy,constrained,medium,10,0,23,0
a81ae5797ad4,B0009,14,rest,off,zipfian,medium,heavy,constrained,medium,10,0,24,0
262079eda263,B0009,14,rest,off,zipfian,medium,heavy,constrained,medium,10,0,25,0
20d5ce6b06fe,B0009,14,rest,off,zipfian,medium,heavy,constrained,medium,10,0,26,0
049945cdf48d,B0009,14,rest,off,zipfian,medium,heavy,constrained,medium,10,0,27,0
42d687bbe35c,B0009,14,rest,off,zipfian,medium,heavy,constrained,medium,10,0,28,0
a3e3e7023c06,B0009,14,rest,off,zipfian,medium,heavy,constrained,medium,10,0,29,0
4643342098a3,B0002,15,rest,on,zipfian,medium,light,constrained,medium,10,0,0,1
881447aa11ee,B0002,15,rest,on,zipfian,medium,light,constrained,medium,10,0,0,0
733f978ad955,B0002,15,rest,on,zipfian,medium,light,constrained,medium,10,0,1,0
8709bd4d4e93,B0002,15,rest,on,zipfian,medium,light,constrained,medium,10,0,2,0
441597e7bf28,B0002,15,rest,on,zipfian,medium,light,constrained,medium,10,0,3,0
c71bde12791a,B0002,15,rest,on,zipfian,medium,light,constrained,medium,10,0,4,0
ae34d0be4cb0,B0002,15,rest,on,zipfian,medium,light,constrained,medium,10,0,5,0
fb29bc31c8aa,B0002,15,rest,on,zipfian,medium,light,constrained,medium,10,0,6,0
5a1191639edc,B0002,15,rest,on,zipfian,medium,light,constrained,medium,10,0,7,0
2b217adb0d67,B0002,15,rest,on,zipfian,medium,light,constrained,medium,10,0,8,0
d9461336c1a6,B0002,15,rest,on,zipfian,medium,light,constrained,medium,10,0,9,0
3e5cfb43eae1,B0002,15,rest,on,zipfian,medium,light,constrained,medium,10,0,10,0
6cdbe3f063e3,B0002,15,rest,on,zipfian,medium,light,constrained,medium,10,0,11,0
64afa5f1a2a8,B0002,15,rest,on,zipfian,medium,light,constrained,medium,10,0,12,0
1460fd0f900f,B0002,15,rest,on,zipfian,medium,light,constrained,medium,10,0,13,0
fd8b6ce4709b,B0002,15,rest,on,zipfian,medium,light,constrained,medium,10,0,14,0
6c8a79af653f,B0002,15,rest,on,zipfian,medium,light,constrained,medium,10,0,15,0
89eacda35156,B0002,15,rest,on,zipfian,medium,light,constrained,medium,10,0,16,0
38b6860b500c,B0002,15,rest,on,zipfian,medium,light,constrained,medium,10,0,17,0
f77ab2544712,B0002,15,rest,on,zipfian,medium,light,constrained,medium,10,0,18,0
792bd9cf8140,B0002,15,rest,on,zipfian,medium,light,constrained,medium,10,0,19,0
055605f1f0c8,B0002,15,rest,on,zipfian,medium,light,constrained,medium,10,0,20,0
34dcd18ab832,B0002,15,rest,on,zipfian,medium,light,constrained,medium,10,0,21,0
315c3238d52d,B0002,15,rest,on,zipfian,medium,light,constrained,medium,10,0,22,0
0f1da4fa0ab2,B0002,15,rest,on,zipfian,medium,light,constrained,medium,10,0,23,0
2da24c683323,B0002,15,rest,on,zipfian,medium,light,constrained,medium,10,0,24,0
7fc18cd1affe,B0002,15,rest,on,zipfian,medium,light,constrained,medium,10,0,25,0
ba1d5ce257b1,B0002,15,rest,on,zipfian,medium,light,constrained,medium,10,0,26,0
0509f4b6b19a,B0002,15,rest,on,zipfian,medium,light,constrained,medium,10,0,27,0
579b40fdd006,B0002,15,rest,on,zipfian,medium,light,constrained,medium,10,0,28,0
39abd7cc44f4,B0002,15,rest,on,zipfian,medium,light,constrained,medium,10,0,29,0
bfdae358dea9,B0022,16,graphql,off,uniform,medium,light,constrained,medium,10,0,0,1
0b15f9af44c5,B0022,16,graphql,off,uniform,medium,light,constrained,medium,10,0,0,0
febe639d77fb,B0022,16,graphql,off,uniform,medium,light,constrained,medium,10,0,1,0
6dfd921a6ab0,B0022,16,graphql,off,uniform,medium,light,constrained,medium,10,0,2,0
83930596307b,B0022,16,graphql,off,uniform,medium,light,constrained,medium,10,0,3,0
7aaff29bb064,B0022,16,graphql,off,uniform,medium,light,constrained,medium,10,0,4,0
ad4ceee32c05,B0022,16,graphql,off,uniform,medium,light,constrained,medium,10,0,5,0
1230553ab23f,B0022,16,graphql,off,uniform,medium,light,constrained,medium,10,0,6,0
4284e1fba510,B0022,16,graphql,off,uniform,medium,light,constrained,medium,10,0,7,0
d6d218e5a715,B0022,16,graphql,off,uniform,medium,light,constrained,medium,10,0,8,0
73c4429f715a,B0022,16,graphql,off,uniform,medium,light,constrained,medium,10,0,9,0
34f1ba512837,B0022,16,graphql,off,uniform,medium,light,constrained,medium,10,0,10,0
1d66758f3660,B0022,16,graphql,off,uniform,medium,light,constrained,medium,10,0,11,0
cdb96a1d8c13,B0022,16,graphql,off,uniform,medium,light,constrained,medium,10,0,12,0
98551b0ae308,B0022,16,graphql,off,uniform,medium,light,constrained,medium,10,0,13,0
f29c932ef5da,B0022,16,graphql,off,uniform,medium,light,constrained,medium,10,0,14,0
8d19382876e2,B0022,16,graphql,off,uniform,medium,light,constrained,medium,10,0,15,0
71889a798fe8,B0022,16,graphql,off,uniform,medium,light,constrained,medium,10,0,16,0
f3fc5ce245db,B0022,16,graphql,off,uniform,medium,light,constrained,medium,10,0,17,0
63a84356d725,B0022,16,graphql,off,uniform,medium,light,constrained,medium,10,0,18,0
91762aab2e2d,B0022,16,graphql,off,uniform,medium,light,constrained,medium,10,0,19,0
ad038010ab54,B0022,16,graphql,off,uniform,medium,light,constrained,medium,10,0,20,0
2c0c937be9b2,B0022,16,graphql,off,uniform,medium,light,constrained,medium,10,0,21,0
addd8b57ddc6,B0022,16,graphql,off,uniform,medium,light,constrained,medium,10,0,22,0
e96bb573a439,B0022,16,graphql,off,uniform,medium,light,constrained,medium,10,0,23,0
ab82091e8100,B0022,16,graphql,off,uniform,medium,light,constrained,medium,10,0,24,0
93cea4ca9ca5,B0022,16,graphql,off,uniform,medium,light,constrained,medium,10,0,25,0
a325618be9e3,B0022,16,graphql,off,uniform,medium,light,constrained,medium,10,0,26,0
f137a8305940,B0022,16,graphql,off,uniform,medium,light,constrained,medium,10,0,27,0
9b12cf9429f9,B0022,16,graphql,off,uniform,medium,light,constrained,medium,10,0,28,0
902c400b4a6a,B0022,16,graphql,off,uniform,medium,light,constrained,medium,10,0,29,0
0a43d8a8b3da,B0004,17,rest,on,uniform,medium,light,constrained,medium,10,0,0,1
2f6e35f9c061,B0004,17,rest,on,uniform,medium,light,constrained,medium,10,0,0,0
6ae953e7d67e,B0004,17,rest,on,uniform,medium,light,constrained,medium,10,0,1,0
274e86375bc4,B0004,17,rest,on,uniform,medium,light,constrained,medium,10,0,2,0
5896c92213cf,B0004,17,rest,on,uniform,medium,light,constrained,medium,10,0,3,0
10857e3bfbce,B0004,17,rest,on,uniform,medium,light,constrained,medium,10,0,4,0
e67d84254d60,B0004,17,rest,on,uniform,medium,light,constrained,medium,10,0,5,0
c8e240e681ca,B0004,17,rest,on,uniform,medium,light,constrained,medium,10,0,6,0
d5504f5a5530,B0004,17,rest,on,uniform,medium,light,constrained,medium,10,0,7,0
20ffbda93e3e,B0004,17,rest,on,uniform,medium,light,constrained,medium,10,0,8,0
c9d2298c8138,B0004,17,rest,on,uniform,medium,light,constrained,medium,10,0,9,0
835ac27ae3a0,B0004,17,rest,on,uniform,medium,light,constrained,medium,10,0,10,0
dbc76d6110f1,B0004,17,rest,on,uniform,medium,light,constrained,medium,10,0,11,0
9cf5f1a628b9,B0004,17,rest,on,uniform,medium,light,constrained,medium,10,0,12,0
bf65027f9e40,B0004,17,rest,on,uniform,medium,light,constrained,medium,10,0,13,0
89b3abbbd7dc,B0004,17,rest,on,uniform,medium,light,constrained,medium,10,0,14,0
b3b7025ca352,B0004,17,rest,on,uniform,medium,light,constrained,medium,10,0,15,0
5c714ef80988,B0004,17,rest,on,uniform,medium,light,constrained,medium,10,0,16,0
33feefa53ca3,B0004,17,rest,on,uniform,medium,light,constrained,medium,10,0,17,0
2360376f1769,B0004,17,rest,on,uniform,medium,light,constrained,medium,10,0,18,0
0fbe4bfa9928,B0004,17,rest,on,uniform,medium,light,constrained,medium,10,0,19,0
dd80dfd2bcd2,B0004,17,rest,on,uniform,medium,light,constrained,medium,10,0,20,0
666d71209cb6,B0004,17,rest,on,uniform,medium,light,constrained,medium,10,0,21,0
81bbf0053767,B0004,17,rest,on,uniform,medium,light,constrained,medium,10,0,22,0
9c22308a4217,B0004,17,rest,on,uniform,medium,light,constrained,medium,10,0,23,0
fa1aef75bfa4,B0004,17,rest,on,uniform,medium,light,constrained,medium,10,0,24,0
43436d8678d7,B0004,17,rest,on,uniform,medium,light,constrained,medium,10,0,25,0
9df3c053e3f9,B0004,17,rest,on,uniform,medium,light,constrained,medium,10,0,26,0
a75f510296ba,B0004,17,rest,on,uniform,medium,light,constrained,medium,10,0,27,0
c9a0901436c3,B0004,17,rest,on,uniform,medium,light,constrained,medium,10,0,28,0
76a960000e1f,B0004,17,rest,on,uniform,medium,light,constrained,medium,10,0,29,0
f01df7f89f76,B0019,18,graphql,off,unique,medium,heavy,constrained,medium,10,0,0,1
91164ea89a69,B0019,18,graphql,off,unique,medium,heavy,constrained,medium,10,0,0,0
f156309dee1c,B0019,18,graphql,off,unique,medium,heavy,constrained,medium,10,0,1,0
f9248072227b,B0019,18,graphql,off,unique,medium,heavy,constrained,medium,10,0,2,0
b79769e85a25,B0019,18,graphql,off,unique,medium,heavy,constrained,medium,10,0,3,0
35de5b690df0,B0019,18,graphql,off,unique,medium,heavy,constrained,medium,10,0,4,0
6436e5fecc1f,B0019,18,graphql,off,unique,medium,heavy,constrained,medium,10,0,5,0
6ef759203167,B0019,18,graphql,off,unique,medium,heavy,constrained,medium,10,0,6,0
1694eda46659,B0019,18,graphql,off,unique,medium,heavy,constrained,medium,10,0,7,0
c93ed70405e1,B0019,18,graphql,off,unique,medium,heavy,constrained,medium,10,0,8,0
c95d0fc5ad4b,B0019,18,graphql,off,unique,medium,heavy,constrained,medium,10,0,9,0
07a8b0fee891,B0019,18,graphql,off,unique,medium,heavy,constrained,medium,10,0,10,0
b8e5f4352ad8,B0019,18,graphql,off,unique,medium,heavy,constrained,medium,10,0,11,0
670123e0c1b9,B0019,18,graphql,off,unique,medium,heavy,constrained,medium,10,0,12,0
fc680f8ce703,B0019,18,graphql,off,unique,medium,heavy,constrained,medium,10,0,13,0
d0a51fed0bbe,B0019,18,graphql,off,unique,medium,heavy,constrained,medium,10,0,14,0
efcf761cfdb3,B0019,18,graphql,off,unique,medium,heavy,constrained,medium,10,0,15,0
1fd6193e9b88,B0019,18,graphql,off,unique,medium,heavy,constrained,medium,10,0,16,0
709631955663,B0019,18,graphql,off,unique,medium,heavy,constrained,medium,10,0,17,0
2f7cb2f2a17b,B0019,18,graphql,off,unique,medium,heavy,constrained,medium,10,0,18,0
c43de92176da,B0019,18,graphql,off,unique,medium,heavy,constrained,medium,10,0,19,0
01b67bb141ef,B0019,18,graphql,off,unique,medium,heavy,constrained,medium,10,0,20,0
47942a8ad63e,B0019,18,graphql,off,unique,medium,heavy,constrained,medium,10,0,21,0
e61c052652ca,B0019,18,graphql,off,unique,medium,heavy,constrained,medium,10,0,22,0
8ca25f816ad4,B0019,18,graphql,off,unique,medium,heavy,constrained,medium,10,0,23,0
93366a274f52,B0019,18,graphql,off,unique,medium,heavy,constrained,medium,10,0,24,0
7f25a3d4ab3b,B0019,18,graphql,off,unique,medium,heavy,constrained,medium,10,0,25,0
38f0662f3e1e,B0019,18,graphql,off,unique,medium,heavy,constrained,medium,10,0,26,0
627548af5c75,B0019,18,graphql,off,unique,medium,heavy,constrained,medium,10,0,27,0
6163c5e0ab63,B0019,18,graphql,off,unique,medium,heavy,constrained,medium,10,0,28,0
9521b0c44dbc,B0019,18,graphql,off,unique,medium,heavy,constrained,medium,10,0,29,0
28f45d18e714,B0007,19,rest,off,unique,medium,heavy,constrained,medium,10,0,0,1
c89ffa5828e6,B0007,19,rest,off,unique,medium,heavy,constrained,medium,10,0,0,0
ad83a04ed0e1,B0007,19,rest,off,unique,medium,heavy,constrained,medium,10,0,1,0
a7606f4d2b80,B0007,19,rest,off,unique,medium,heavy,constrained,medium,10,0,2,0
b247a6e9031d,B0007,19,rest,off,unique,medium,heavy,constrained,medium,10,0,3,0
a18609a57c41,B0007,19,rest,off,unique,medium,heavy,constrained,medium,10,0,4,0
61441f90e69c,B0007,19,rest,off,unique,medium,heavy,constrained,medium,10,0,5,0
4b209d54a6db,B0007,19,rest,off,unique,medium,heavy,constrained,medium,10,0,6,0
53fb31d7cea4,B0007,19,rest,off,unique,medium,heavy,constrained,medium,10,0,7,0
71d23b8ba0f6,B0007,19,rest,off,unique,medium,heavy,constrained,medium,10,0,8,0
2e2324ca1e6e,B0007,19,rest,off,unique,medium,heavy,constrained,medium,10,0,9,0
52583a80d2b3,B0007,19,rest,off,unique,medium,heavy,constrained,medium,10,0,10,0
2884ec634abd,B0007,19,rest,off,unique,medium,heavy,constrained,medium,10,0,11,0
f00a1bf04910,B0007,19,rest,off,unique,medium,heavy,constrained,medium,10,0,12,0
1c90d47eb8e1,B0007,19,rest,off,unique,medium,heavy,constrained,medium,10,0,13,0
08bcdd462eef,B0007,19,rest,off,unique,medium,heavy,constrained,medium,10,0,14,0
a52e374a30f0,B0007,19,rest,off,unique,medium,heavy,constrained,medium,10,0,15,0
61360d1c00d1,B0007,19,rest,off,unique,medium,heavy,constrained,medium,10,0,16,0
26e1b6439933,B0007,19,rest,off,unique,medium,heavy,constrained,medium,10,0,17,0
cf79c1dd4a31,B0007,19,rest,off,unique,medium,heavy,constrained,medium,10,0,18,0
092b0009865f,B0007,19,rest,off,unique,medium,heavy,constrained,medium,10,0,19,0
f8921d98cd01,B0007,19,rest,off,unique,medium,heavy,constrained,medium,10,0,20,0
300e81ed66e4,B0007,19,rest,off,unique,medium,heavy,constrained,medium,10,0,21,0
24fc094f57da,B0007,19,rest,off,unique,medium,heavy,constrained,medium,10,0,22,0
86d230a946f6,B0007,19,rest,off,unique,medium,heavy,constrained,medium,10,0,23,0
cd145533e992,B0007,19,rest,off,unique,medium,heavy,constrained,medium,10,0,24,0
a012ddb8ee0e,B0007,19,rest,off,unique,medium,heavy,constrained,medium,10,0,25,0
2182b50187e5,B0007,19,rest,off,unique,medium,heavy,constrained,medium,10,0,26,0
ce9048daca1c,B0007,19,rest,off,unique,medium,heavy,constrained,medium,10,0,27,0
152b52b7ca73,B0007,19,rest,off,unique,medium,heavy,constrained,medium,10,0,28,0
0ead28def988,B0007,19,rest,off,unique,medium,heavy,constrained,medium,10,0,29,0
ecf5707f633d,B0008,20,rest,off,zipfian,medium,light,constrained,medium,10,0,0,1
1366acdd2b9d,B0008,20,rest,off,zipfian,medium,light,constrained,medium,10,0,0,0
34dba3363915,B0008,20,rest,off,zipfian,medium,light,constrained,medium,10,0,1,0
3faf52983ba1,B0008,20,rest,off,zipfian,medium,light,constrained,medium,10,0,2,0
ed376a1b2df2,B0008,20,rest,off,zipfian,medium,light,constrained,medium,10,0,3,0
c913bad943d2,B0008,20,rest,off,zipfian,medium,light,constrained,medium,10,0,4,0
44a4f2ec67ea,B0008,20,rest,off,zipfian,medium,light,constrained,medium,10,0,5,0
c86dfba5a54f,B0008,20,rest,off,zipfian,medium,light,constrained,medium,10,0,6,0
f1b8cfa5b352,B0008,20,rest,off,zipfian,medium,light,constrained,medium,10,0,7,0
aed7a7ebbd5c,B0008,20,rest,off,zipfian,medium,light,constrained,medium,10,0,8,0
03817cfefd10,B0008,20,rest,off,zipfian,medium,light,constrained,medium,10,0,9,0
bb9aad689675,B0008,20,rest,off,zipfian,medium,light,constrained,medium,10,0,10,0
1ecc05044f77,B0008,20,rest,off,zipfian,medium,light,constrained,medium,10,0,11,0
c14230cb1926,B0008,20,rest,off,zipfian,medium,light,constrained,medium,10,0,12,0
a5c26d7386f9,B0008,20,rest,off,zipfian,medium,light,constrained,medium,10,0,13,0
31d4395512c5,B0008,20,rest,off,zipfian,medium,light,constrained,medium,10,0,14,0
f9f675639b81,B0008,20,rest,off,zipfian,medium,light,constrained,medium,10,0,15,0
3aa5d03facb2,B0008,20,rest,off,zipfian,medium,light,constrained,medium,10,0,16,0
3f02707f616c,B0008,20,rest,off,zipfian,medium,light,constrained,medium,10,0,17,0
ac5a4ae69480,B0008,20,rest,off,zipfian,medium,light,constrained,medium,10,0,18,0
fb7d83c0890f,B0008,20,rest,off,zipfian,medium,light,constrained,medium,10,0,19,0
56b0303e0b0f,B0008,20,rest,off,zipfian,medium,light,constrained,medium,10,0,20,0
bcd01eefd298,B0008,20,rest,off,zipfian,medium,light,constrained,medium,10,0,21,0
af88b61212f1,B0008,20,rest,off,zipfian,medium,light,constrained,medium,10,0,22,0
7227d91dc729,B0008,20,rest,off,zipfian,medium,light,constrained,medium,10,0,23,0
1f7e65e70093,B0008,20,rest,off,zipfian,medium,light,constrained,medium,10,0,24,0
96e9c781a9e8,B0008,20,rest,off,zipfian,medium,light,constrained,medium,10,0,25,0
18e2ed9ac623,B0008,20,rest,off,zipfian,medium,light,constrained,medium,10,0,26,0
0123b97a1fe5,B0008,20,rest,off,zipfian,medium,light,constrained,medium,10,0,27,0
71323ef273b5,B0008,20,rest,off,zipfian,medium,light,constrained,medium,10,0,28,0
2000a70e06a4,B0008,20,rest,off,zipfian,medium,light,constrained,medium,10,0,29,0
6290146a094a,B0000,21,rest,on,unique,medium,light,constrained,medium,10,0,0,1
429b62ffe5be,B0000,21,rest,on,unique,medium,light,constrained,medium,10,0,0,0
c0905152c4aa,B0000,21,rest,on,unique,medium,light,constrained,medium,10,0,1,0
a9ea2d0af659,B0000,21,rest,on,unique,medium,light,constrained,medium,10,0,2,0
9fd8203b3d09,B0000,21,rest,on,unique,medium,light,constrained,medium,10,0,3,0
00611e639c16,B0000,21,rest,on,unique,medium,light,constrained,medium,10,0,4,0
81c194c90302,B0000,21,rest,on,unique,medium,light,constrained,medium,10,0,5,0
c650c2fdd898,B0000,21,rest,on,unique,medium,light,constrained,medium,10,0,6,0
ede6a9e89a3b,B0000,21,rest,on,unique,medium,light,constrained,medium,10,0,7,0
1d7d1acd047b,B0000,21,rest,on,unique,medium,light,constrained,medium,10,0,8,0
1112a6f03ef3,B0000,21,rest,on,unique,medium,light,constrained,medium,10,0,9,0
e908144c8491,B0000,21,rest,on,unique,medium,light,constrained,medium,10,0,10,0
1ab2ed744fcf,B0000,21,rest,on,unique,medium,light,constrained,medium,10,0,11,0
0feb1455973a,B0000,21,rest,on,unique,medium,light,constrained,medium,10,0,12,0
323db465a148,B0000,21,rest,on,unique,medium,light,constrained,medium,10,0,13,0
7bbe0c3228da,B0000,21,rest,on,unique,medium,light,constrained,medium,10,0,14,0
0a24020440cc,B0000,21,rest,on,unique,medium,light,constrained,medium,10,0,15,0
ea282ff3dde0,B0000,21,rest,on,unique,medium,light,constrained,medium,10,0,16,0
ed2d87cf00fc,B0000,21,rest,on,unique,medium,light,constrained,medium,10,0,17,0
e12e818005c0,B0000,21,rest,on,unique,medium,light,constrained,medium,10,0,18,0
984777ec137f,B0000,21,rest,on,unique,medium,light,constrained,medium,10,0,19,0
2d49e0ad48c4,B0000,21,rest,on,unique,medium,light,constrained,medium,10,0,20,0
208578779f6f,B0000,21,rest,on,unique,medium,light,constrained,medium,10,0,21,0
f049f3e4dc7c,B0000,21,rest,on,unique,medium,light,constrained,medium,10,0,22,0
443d94ecb80b,B0000,21,rest,on,unique,medium,light,constrained,medium,10,0,23,0
fa8b892549ab,B0000,21,rest,on,unique,medium,light,constrained,medium,10,0,24,0
f495643627de,B0000,21,rest,on,unique,medium,light,constrained,medium,10,0,25,0
600628c1f316,B0000,21,rest,on,unique,medium,light,constrained,medium,10,0,26,0
2767c9c22179,B0000,21,rest,on,unique,medium,light,constrained,medium,10,0,27,0
598ec9239153,B0000,21,rest,on,unique,medium,light,constrained,medium,10,0,28,0
a3fef792ed33,B0000,21,rest,on,unique,medium,light,constrained,medium,10,0,29,0
019340295777,B0003,22,rest,on,zipfian,medium,heavy,constrained,medium,10,0,0,1
097764efddd2,B0003,22,rest,on,zipfian,medium,heavy,constrained,medium,10,0,0,0
4f9c301d7cb7,B0003,22,rest,on,zipfian,medium,heavy,constrained,medium,10,0,1,0
28bb2a451f13,B0003,22,rest,on,zipfian,medium,heavy,constrained,medium,10,0,2,0
4c5fa854d769,B0003,22,rest,on,zipfian,medium,heavy,constrained,medium,10,0,3,0
da7956950ac6,B0003,22,rest,on,zipfian,medium,heavy,constrained,medium,10,0,4,0
e8e46487fbfb,B0003,22,rest,on,zipfian,medium,heavy,constrained,medium,10,0,5,0
335144c5b6be,B0003,22,rest,on,zipfian,medium,heavy,constrained,medium,10,0,6,0
eb9c151dcc16,B0003,22,rest,on,zipfian,medium,heavy,constrained,medium,10,0,7,0
bbd7aa8582c0,B0003,22,rest,on,zipfian,medium,heavy,constrained,medium,10,0,8,0
27ccd085bf56,B0003,22,rest,on,zipfian,medium,heavy,constrained,medium,10,0,9,0
e2d6a3349d6b,B0003,22,rest,on,zipfian,medium,heavy,constrained,medium,10,0,10,0
4e55e0293f04,B0003,22,rest,on,zipfian,medium,heavy,constrained,medium,10,0,11,0
f6daba9f180c,B0003,22,rest,on,zipfian,medium,heavy,constrained,medium,10,0,12,0
1e16a8134cdb,B0003,22,rest,on,zipfian,medium,heavy,constrained,medium,10,0,13,0
030a8442f947,B0003,22,rest,on,zipfian,medium,heavy,constrained,medium,10,0,14,0
719ce66aec64,B0003,22,rest,on,zipfian,medium,heavy,constrained,medium,10,0,15,0
f7cd9d8ba88f,B0003,22,rest,on,zipfian,medium,heavy,constrained,medium,10,0,16,0
b57aadc40b9f,B0003,22,rest,on,zipfian,medium,heavy,constrained,medium,10,0,17,0
9ad8b2d6f60c,B0003,22,rest,on,zipfian,medium,heavy,constrained,medium,10,0,18,0
e3f5163dc642,B0003,22,rest,on,zipfian,medium,heavy,constrained,medium,10,0,19,0
8198501cfe9f,B0003,22,rest,on,zipfian,medium,heavy,constrained,medium,10,0,20,0
8b807887e8bd,B0003,22,rest,on,zipfian,medium,heavy,constrained,medium,10,0,21,0
8049aa187292,B0003,22,rest,on,zipfian,medium,heavy,constrained,medium,10,0,22,0
d56d00b177e7,B0003,22,rest,on,zipfian,medium,heavy,constrained,medium,10,0,23,0
fb9ce8bb65b1,B0003,22,rest,on,zipfian,medium,heavy,constrained,medium,10,0,24,0
f827d99558e5,B0003,22,rest,on,zipfian,medium,heavy,constrained,medium,10,0,25,0
5a75a4bc02eb,B0003,22,rest,on,zipfian,medium,heavy,constrained,medium,10,0,26,0
cd059e4fc21c,B0003,22,rest,on,zipfian,medium,heavy,constrained,medium,10,0,27,0
679a70317c98,B0003,22,rest,on,zipfian,medium,heavy,constrained,medium,10,0,28,0
2933ee4c22ea,B0003,22,rest,on,zipfian,medium,heavy,constrained,medium,10,0,29,0
ef2f6a7dd9bf,B0020,23,graphql,off,zipfian,medium,light,constrained,medium,10,0,0,1
7a770bf2401c,B0020,23,graphql,off,zipfian,medium,light,constrained,medium,10,0,0,0
1d43caa35bb3,B0020,23,graphql,off,zipfian,medium,light,constrained,medium,10,0,1,0
215ba8f43c7e,B0020,23,graphql,off,zipfian,medium,light,constrained,medium,10,0,2,0
ffb999c4ff11,B0020,23,graphql,off,zipfian,medium,light,constrained,medium,10,0,3,0
a7e4f3594443,B0020,23,graphql,off,zipfian,medium,light,constrained,medium,10,0,4,0
9d25b070c447,B0020,23,graphql,off,zipfian,medium,light,constrained,medium,10,0,5,0
1c5fc2de6ea6,B0020,23,graphql,off,zipfian,medium,light,constrained,medium,10,0,6,0
415b51e97fed,B0020,23,graphql,off,zipfian,medium,light,constrained,medium,10,0,7,0
0bc1852edde2,B0020,23,graphql,off,zipfian,medium,light,constrained,medium,10,0,8,0
99b750b74269,B0020,23,graphql,off,zipfian,medium,light,constrained,medium,10,0,9,0
c16f0906bf94,B0020,23,graphql,off,zipfian,medium,light,constrained,medium,10,0,10,0
d0c1908d0f86,B0020,23,graphql,off,zipfian,medium,light,constrained,medium,10,0,11,0
8021bf399a2c,B0020,23,graphql,off,zipfian,medium,light,constrained,medium,10,0,12,0
d4935e571d32,B0020,23,graphql,off,zipfian,medium,light,constrained,medium,10,0,13,0
bede7e7a3c9f,B0020,23,graphql,off,zipfian,medium,light,constrained,medium,10,0,14,0
2b26fbb1ba23,B0020,23,graphql,off,zipfian,medium,light,constrained,medium,10,0,15,0
f8c8d0fbc67f,B0020,23,graphql,off,zipfian,medium,light,constrained,medium,10,0,16,0
e805f2da714e,B0020,23,graphql,off,zipfian,medium,light,constrained,medium,10,0,17,0
1e78b645e48b,B0020,23,graphql,off,zipfian,medium,light,constrained,medium,10,0,18,0
b23de517ee17,B0020,23,graphql,off,zipfian,medium,light,constrained,medium,10,0,19,0
62a417689bc4,B0020,23,graphql,off,zipfian,medium,light,constrained,medium,10,0,20,0
a12eae209cdf,B0020,23,graphql,off,zipfian,medium,light,constrained,medium,10,0,21,0
41fe09ec40a0,B0020,23,graphql,off,zipfian,medium,light,constrained,medium,10,0,22,0
5802343ca103,B0020,23,graphql,off,zipfian,medium,light,constrained,medium,10,0,23,0
de1bb0b30a4f,B0020,23,graphql,off,zipfian,medium,light,constrained,medium,10,0,24,0
114a09b17cdd,B0020,23,graphql,off,zipfian,medium,light,constrained,medium,10,0,25,0
04f2b3be1c29,B0020,23,graphql,off,zipfian,medium,light,constrained,medium,10,0,26,0
f795e2830ef9,B0020,23,graphql,off,zipfian,medium,light,constrained,medium,10,0,27,0
1c12cd3b670b,B0020,23,graphql,off,zipfian,medium,light,constrained,medium,10,0,28,0
a0a931a8544f,B0020,23,graphql,off,zipfian,medium,light,constrained,medium,10,0,29,0
