run_uid,block_id,block_order,protocol,pattern,density,concurrency,run_index,is_warmup
da93fdf46ea9,B0003,0,rest,partial,high,10,0,1
05cbc5ebda87,B0003,0,rest,partial,high,10,0,0
aaf33c9dd6de,B0003,0,rest,partial,high,10,1,0
9344e71493d4,B0003,0,rest,partial,high,10,2,0
68fe2cbb6697,B0004,1,graphql,baseline,low,10,0,1
149a4cf14bd4,B0004,1,graphql,baseline,low,10,0,0
08a8b79de089,B0004,1,graphql,baseline,low,10,1,0
6b500d4c3291,B0004,1,graphql,baseline,low,10,2,0
004a2899a05a,B0006,2,graphql,partial,low,10,0,1
f9faaf72b193,B0006,2,graphql,partial,low,10,0,0
d910ba1b84c6,B0006,2,graphql,partial,low,10,1,0
5ae15aaf67a2,B0006,2,graphql,partial,low,10,2,0
ae93ca970c11,B0007,3,graphql,partial,high,10,0,1
11a64a37a83f,B0007,3,graphql,partial,high,10,0,0
61f8e05e3869,B0007,3,graphql,partial,high,10,1,0
333b909f2597,B0007,3,graphql,partial,high,10,2,0
f3b435ab5828,B0002,4,rest,partial,low,10,0,1
2e09e07458dd,B0002,4,rest,partial,low,10,0,0
0953b9a5b842,B0002,4,rest,partial,low,10,1,0
73e947626811,B0002,4,rest,partial,low,10,2,0
bdfb299fabe8,B0005,5,graphql,baseline,high,10,0,1
56bf202c15f6,B0005,5,graphql,baseline,high,10,0,0
9bbb5a994345,B0005,5,graphql,baseline,high,10,1,0
b1df1b447f19,B0005,5,graphql,baseline,high,10,2,0
501e78b54266,B0000,6,rest,baseline,low,10,0,1
90a5d08448ab,B0000,6,rest,baseline,low,10,0,0
553e0272ff8c,B0000,6,rest,baseline,low,10,1,0
4445b00d7143,B0000,6,rest,baseline,low,10,2,0
221fdddeb1b5,B0001,7,rest,baseline,high,10,0,1
de01c2bc51a0,B0001,7,rest,baseline,high,10,0,0
aaa85639ade7,B0001,7,rest,baseline,high,10,1,0
2dc6a46c5056,B0001,7,rest,baseline,high,10,2,0
